,Unnamed: 0,imie,imie2,nazwisko,data_ur,gmina,kraj,true_id
0,rec-0-org,murad,,aliyev,1996/03/05,,Azerbejdżan,0
1,rec-0-dup-0,murac,,aziz,1969/03/05,,Azerbejdżan,0
2,rec-1-org,elmir,,hasanov,1996/07/01,,Azerbejdżan,1
3,rec-2-org,ewa,jakub,wagner,1968/04/18,,Austria,2
4,rec-3-org,md,,sultana,1989/03/01,,Bangladesz,3
5,rec-4-org,vahagn,,khojoyan,1992/10/16,,Armenia,4
6,rec-5-org,narek,,karapetyan,1992/10/16,1465188.0,Armenia,5
7,rec-5-dup-0,narel,,karape6yan,1929/10/16,1465188.0,Armenia,5
8,rec-6-org,krasimira,,tosun,1975/08/20,3021105.0,Bułgaria,6
9,rec-7-org,hasan,,georgiev,1977/08/24,,Bułgaria,7
10,rec-7-dup-0,hasam,,georg8ev,1977/08/24,,Bułgaria,7
11,rec-8-org,ruslan,,hrytsko,1998/11/01,,Białoruś,8
12,rec-8-dup-0,rusłan,,hrytsmo,1989/11/01,,Białoruś,8
13,rec-8-dup-1,rusłan,,jrytsko,1989/11/01,,Białoruś,8
14,rec-9-org,leu,,ivanou,2014/02/14,,Białoruś,9
15,rec-10-org,yauheni,,hoishyk,1999/01/28,,Białoruś,10
16,rec-11-org,aliaksandr,,miadzvedzeva,1982/06/26,,Białoruś,11
17,rec-12-dup-0,iwan,,malrvich,1909/08/18,,Białoruś,12
18,rec-12-org,ivan,,malevich,1990/08/18,,Białoruś,12
19,rec-13-org,siarhei,,karneichyk,1990/01/16,,Białoruś,13
20,rec-14-org,uladzimir,,iliushyn,1969/07/23,,Białoruś,14
21,rec-15-org,aliaksei,,marashchuk,1988/05/08,,Białoruś,15
22,rec-16-org,andrei,,katliarou,1990/09/05,,Białoruś,16
23,rec-16-dup-0,andrew,,katliaeou,1909/09/05,,Białoruś,16
24,rec-17-org,stanislau,,matsiushonak,1986/03/08,1261049.0,Białoruś,17
25,rec-18-org,irina,,litviniuk,2008/07/09,,Białoruś,18
26,rec-19-org,iryna,,hrytskevich,1990/07/03,,Białoruś,19
27,rec-20-org,uladzimir,,drozd,1985/06/23,1061039.0,Białoruś,20
28,rec-21-org,maksim,,tsiushkevich,1997/03/15,,Białoruś,21
29,rec-22-org,vitali,,piatlitski,1977/07/15,,Białoruś,22
30,rec-23-org,kanstantsin,,paulouski,1987/06/25,,Białoruś,23
31,rec-24-org,siarhei,,babak,1976/03/10,,Białoruś,24
32,rec-25-org,yauheni,,karatysh,1994/12/05,,Białoruś,25
33,rec-26-dup-0,ilya,,darruski,1968/08/01,,Białoruś,26
34,rec-26-org,ilya,,dareuski,1986/08/01,,Białoruś,26
35,rec-27-org,alena,,baradzin,1996/02/29,,Białoruś,27
36,rec-28-org,nina,,litvinovich,1996/09/06,,Białoruś,28
37,rec-28-dup-0,nina,,litvinovicn,1969/09/06,1434041.0,Białoruś,28
38,rec-28-dup-1,ninq,,litvinov8ch,1969/09/06,,Białoruś,28
39,rec-29-org,karyna,,dainovich,1986/11/23,,Białoruś,29
40,rec-30-dup-0,dmitry,,kulimova,1917/10/15,1465058.0,Białoruś,30
41,rec-30-org,dzmitry,,kulikova,1971/10/15,1465058.0,Białoruś,30
42,rec-31-org,dzmitry,,lasouski,2020/01/04,3262011.0,Białoruś,31
43,rec-31-dup-0,dmitry,,lasousk8,2002/01/04,3262011.0,Białoruś,31
44,rec-31-dup-1,dmitry,,laso8ski,2002/01/04,3262011.0,Białoruś,31
45,rec-32-org,uladzislau,,stsiapanau,1974/08/09,,Białoruś,32
46,rec-33-org,aleksandra,,yarmantovich,1992/08/28,,Białoruś,33
47,rec-33-dup-0,aliaksandra,,yarmanyovich,1929/08/28,,Białoruś,33
48,rec-34-org,veranika,,shautsou,2004/06/24,,Białoruś,34
49,rec-35-org,aliaksandra,,lukashevich,1996/04/02,,Białoruś,35
50,rec-35-dup-0,aleksandra,,lukashevkch,1969/04/02,,Białoruś,35
51,rec-36-org,vitali,,kryvasheyeva,1988/06/13,,Białoruś,36
52,rec-37-dup-1,jeanne,,hinlo,1991/12/30,2205024.0,Białoruś,37
53,rec-37-dup-0,jeanne,,hinlo,1919/12/30,1465188.0,Białoruś,37
54,rec-37-org,zhanna,,hinko,1991/12/30,1465188.0,Białoruś,37
55,rec-38-org,viktar,,kharkevich,2020/01/10,,Białoruś,38
56,rec-39-org,aleh,,biryla,1992/12/08,,Białoruś,39
57,rec-40-org,viktar,,zelianiak,1993/01/20,1261029.0,Białoruś,40
58,rec-41-org,henadzi,,kalmykou,1980/06/27,2261011.0,Białoruś,41
59,rec-42-dup-0,vladzislav,,radkiewicz,1971/12/02,223052.0,Białoruś,42
60,rec-42-org,uladzislau,,radkevich,1971/12/02,,Białoruś,42
61,rec-43-org,aliaksandr,,sadouski,1984/06/10,1465058.0,Białoruś,43
62,rec-44-org,aliaksei,,kavalenka,1975/01/10,,Białoruś,44
63,rec-45-org,maryna,,talerchyk,2001/01/19,,Białoruś,45
64,rec-45-dup-1,marina,,tzlerchyk,2010/01/19,,Białoruś,45
65,rec-45-dup-0,marina,,talerchuk,2010/01/19,,Białoruś,45
66,rec-46-org,yauheni,,zhuk,1966/08/22,,Białoruś,46
67,rec-46-dup-0,eugeniusz,,żuk,1966/08/22,1212054.0,Białoruś,46
68,rec-47-org,viktar,,churai,1996/01/19,,Białoruś,47
69,rec-48-org,natallia,,kavetskaya,1987/08/12,1465038.0,Białoruś,48
70,rec-49-org,arseni,,dubavets,2001/08/13,1261049.0,Białoruś,49
71,rec-50-org,tatsiana,,holub,1975/11/06,,Białoruś,50
72,rec-51-org,nika,,zhuk,1971/05/09,,Białoruś,51
73,rec-52-org,anton,,vasilevich,2004/06/18,,Białoruś,52
74,rec-52-dup-0,antoni,,wasilewicz,2040/06/18,,Białoruś,52
75,rec-52-dup-1,antoni,,vasilevkch,2040/06/18,,Białoruś,52
76,rec-53-org,karyna,,baiko,1982/10/18,2261011.0,Białoruś,53
77,rec-54-org,yury,,yurkou,1993/05/17,,Białoruś,54
78,rec-55-dup-0,paweł,,hulok,2020/06/11,,Białoruś,55
79,rec-55-org,pavel,,hulik,2002/06/11,,Białoruś,55
80,rec-55-dup-1,pawel,,huluk,2002/06/11,613044.0,Białoruś,55
81,rec-56-org,viktar,,mukho,1987/01/19,1465178.0,Białoruś,56
82,rec-56-dup-0,viktaf,,mukh9,1978/01/19,1465178.0,Białoruś,56
83,rec-57-org,andrei,,sitnikau,2003/05/28,,Białoruś,57
84,rec-58-dup-0,vladimir,,tryfah,1958/07/23,,Białoruś,58
85,rec-58-org,uladzimir,,tryfan,1985/07/23,,Białoruś,58
86,rec-59-org,maksim,,baikou,1999/02/06,1465178.0,Białoruś,59
87,rec-60-org,stsiapan,,hryn,1988/03/31,,Białoruś,60
88,rec-61-org,mikita,,malyshka,1999/06/13,,Białoruś,61
89,rec-61-dup-1,mikitq,,malyshks,1999/06/13,2007062.0,Białoruś,61
90,rec-61-dup-0,mikuta,,malyahka,1999/06/13,601082.0,Białoruś,61
91,rec-62-org,daniil,,slavinskaya,1982/11/15,2470011.0,Białoruś,62
92,rec-63-org,luna,,sulima,1982/07/06,,Białoruś,63
93,rec-64-dup-1,ol3g,,tsiihanchuk,1937/02/08,,Białoruś,64
94,rec-64-org,oleg,,tsikhanchuk,1973/02/08,,Białoruś,64
95,rec-64-dup-0,olsg,,tsikhanchul,1937/02/08,,Białoruś,64
96,rec-65-org,katsiaryna,,sheremet,1992/09/10,,Białoruś,65
97,rec-65-dup-0,ekaterina,,shetemet,1929/09/10,,Białoruś,65
98,rec-66-org,viachaslau,,shpudzeika,1975/10/20,,Białoruś,66
99,rec-66-dup-0,vischaslau,,shpudzrika,1957/10/20,,Białoruś,66
100,rec-67-org,katsiaryna,,hreben,1967/11/07,,Białoruś,67
101,rec-68-org,ema,,ramanchuk,1977/01/20,,Białoruś,68
102,rec-69-dup-0,yah9r,,mau5yn,1918/04/10,3008012.0,Białoruś,69
103,rec-69-dup-1,yahoe,,mauryj,1918/04/10,3008012.0,Białoruś,69
104,rec-69-org,yahor,,mauryn,1981/04/10,3008012.0,Białoruś,69
105,rec-70-org,volha,,bialova,2004/08/04,,Białoruś,70
106,rec-71-org,yury,,kanavalau,2017/11/12,,Białoruś,71
107,rec-72-org,siarhei,,shymanets,1985/09/14,1432054.0,Białoruś,72
108,rec-72-dup-0,sergey,,shymwnets,1958/09/14,1432054.0,Białoruś,72
109,rec-73-org,anastasiya,,yurouskaya,1995/12/22,,Białoruś,73
110,rec-74-org,zhiming,,yuan,1990/07/14,,Chiny,74
111,rec-75-org,wang,,chuang,1980/03/21,,Chiny,75
112,rec-75-dup-0,wang,brakdanych,chuqng,1980/03/21,2469011.0,Chiny,75
113,rec-76-org,sheng,,kong,1983/06/13,,Chiny,76
114,rec-77-org,xiaolong,,lu,1982/04/01,,Chiny,77
115,rec-78-org,guangjun,,yu,1984/10/23,,Chiny,78
116,rec-78-dup-0,guangjun,brakdanych,y7,1948/10/23,,Chiny,78
117,rec-79-org,paola,farid,trujillo rojas,1987/08/16,1465058.0,Kolumbia,79
118,rec-80-org,pavla,,do,2009/12/16,264039.0,Czechy,80
119,rec-81-org,anthony,michel,neveu,1985/07/13,,Francja,81
120,rec-82-dup-0,frabçois,,kunar,1937/06/12,,Francja,82
121,rec-82-org,françois,,kumar,1973/06/12,,Francja,82
122,rec-83-org,ana,,tsertsvadze,1988/06/01,,Gruzja,83
123,rec-84-org,elshan,,bantsuri,1989/11/03,,Gruzja,84
124,rec-84-dup-1,elahan,,bantauri,1998/11/03,,Gruzja,84
125,rec-84-dup-0,elsjan,,bants8ri,1998/11/03,,Gruzja,84
126,rec-85-org,leila,,malania,1986/06/05,,Gruzja,85
127,rec-85-dup-0,leils,,makania,1968/06/05,,Gruzja,85
128,rec-86-org,teona,,razmadze,1987/01/15,,Gruzja,86
129,rec-86-dup-1,teoja,,razmaeze,1978/01/15,,Gruzja,86
130,rec-86-dup-0,tepna,,razmwdze,1978/01/15,,Gruzja,86
131,rec-87-org,nikoloz,,chitishvili,1983/01/29,,Gruzja,87
132,rec-87-dup-0,goderdzishvili,,ch9tishvili,1938/01/29,,Gruzja,87
133,rec-88-org,giorgi,,kazimov,1991/10/05,,Gruzja,88
134,rec-89-dup-1,iea,,abdurakhmabov,1997/10/16,,Gruzja,89
135,rec-89-dup-0,i5a,,abdurakhkanov,1997/10/16,,Gruzja,89
136,rec-89-org,ira,,abdurakhmanov,1979/10/16,,Gruzja,89
137,rec-90-org,zviad,,gasanov,1974/04/12,,Gruzja,90
138,rec-91-org,tsira,,khosruashvili,1988/02/15,,Gruzja,91
139,rec-92-org,konstantine,,papaskiri,1972/04/14,,Gruzja,92
140,rec-93-dup-0,irona,,tksmaladze,1967/09/15,,Gruzja,93
141,rec-93-org,irina,,tkemaladze,1976/09/15,,Gruzja,93
142,rec-94-org,joni,,sajaia,1987/07/04,,Gruzja,94
143,rec-95-org,bachuki,,tskhvaradze,1975/08/07,,Gruzja,95
144,rec-96-org,tornike,,iskandarov,1985/01/19,,Gruzja,96
145,rec-97-org,kristine,,gurtskaia,1978/05/18,,Gruzja,97
146,rec-98-org,rafail,,dolidze,1989/10/19,,Gruzja,98
147,rec-99-org,karlo,,mshvenieradze,1999/01/13,,Gruzja,99
148,rec-99-dup-0,karl9,,mshvenieracze,1999/01/13,811044.0,Gruzja,99
149,rec-100-org,zurab,,gelashvili,1978/10/10,,Gruzja,100
150,rec-101-org,aslan,,gurbanova,1986/03/10,,Gruzja,101
151,rec-102-org,vitali,,kasradze,1988/09/03,,Gruzja,102
152,rec-103-org,frank,,schmidt,1980/07/15,,Niemcy,103
153,rec-104-org,krzysztof,,wilczyńska,1953/05/26,,Niemcy,104
154,rec-104-dup-0,krzyxztof,,wilcxyńska,1935/05/26,,Niemcy,104
155,rec-105-org,wladislaw,,kołodziej,1966/08/01,,Niemcy,105
156,rec-105-dup-0,wladisoaw,,kołodxiej,1966/08/01,3021164.0,Niemcy,105
157,rec-106-dup-0,henfyk,,barob,1945/12/28,,Niemcy,106
158,rec-106-dup-1,hejryk,,barin,1945/12/28,,Niemcy,106
159,rec-106-org,henryk,,baron,1954/12/28,,Niemcy,106
160,rec-107-org,antonia,,klug,1976/12/16,,Niemcy,107
161,rec-108-org,maren,,walter,1968/05/17,,Niemcy,108
162,rec-109-org,jadwiga,ryszard,majewska,1960/03/22,,Niemcy,109
163,rec-110-org,dieter,,mann,1979/04/15,,Niemcy,110
164,rec-111-org,torsten,wilhelm,böttcher,1956/07/28,,Niemcy,111
165,rec-112-org,piotr,,schulz,1977/09/08,,Niemcy,112
166,rec-112-dup-0,pioyr,,schulx,1977/09/08,,Niemcy,112
167,rec-113-org,kavita,,parab,1982/05/01,,Indie,113
168,rec-114-org,manohar,,rathod,1982/05/20,,Indie,114
169,rec-115-org,arijit,,mishra,1989/10/29,1465178.0,Indie,115
170,rec-116-org,dhruv,,,1986/11/03,,Indie,116
171,rec-116-dup-0,dhruv,brakdanych,bhagat,1968/11/03,,Indie,116
172,rec-117-dup-0,lokssh,brakdanych,ratbod,1988/08/22,,Indie,117
173,rec-117-dup-1,lokeah,riya,ratbod,1988/08/22,,Indie,117
174,rec-117-org,lokesh,,rathod,1988/08/22,,Indie,117
175,rec-118-org,lakshmanan,,rahman,1992/05/09,,Indie,118
176,rec-119-org,hiteshkumar,kumar,,1986/05/27,1465058.0,Indie,119
177,rec-119-dup-0,hiteshjumar,prince,sahani,1986/05/27,1465058.0,Indie,119
178,rec-120-org,sourabh,,motwani,1983/04/08,,Indie,120
179,rec-121-org,appala raju,kaushikbhai,,1993/06/15,,Indie,121
180,rec-122-org,indra,,,1997/05/19,,Indonezja,122
181,rec-123-org,angelo,,mauri,1974/08/15,,Włochy,123
182,rec-124-org,michelangelo,,riccio,1994/04/13,,Włochy,124
183,rec-125-org,ernesto,,basile,1971/10/04,,Włochy,125
184,rec-125-dup-0,ernesro,,basole,1917/10/04,,Włochy,125
185,rec-126-org,shuji,,kimura,1965/01/10,,Japonia,126
186,rec-127-org,ayan,,fomin,2003/01/11,,Kazachstan,127
187,rec-127-dup-0,ayaj,,fom9n,2030/01/11,,Kazachstan,127
188,rec-128-org,valeriy,,yerdeshova,2003/05/24,,Kazachstan,128
189,rec-129-org,sua,,kim,1983/02/18,,Korea Południowa,129
190,rec-130-dup-0,junf,,les,1938/02/18,,Korea Południowa,130
191,rec-130-org,jung,,lee,1983/02/18,,Korea Południowa,130
192,rec-131-org,gediminas,,sakalauskas,1985/06/13,,Litwa,131
193,rec-132-org,anatolie,,olaru,1987/03/16,,Mołdawia,132
194,rec-133-org,dumitru,,rusu,1996/12/29,,Mołdawia,133
195,rec-134-org,andrei,,efrim,1981/02/25,,Mołdawia,134
196,rec-135-org,galina,,bejenari,1976/08/30,,Mołdawia,135
197,rec-135-dup-1,gslina,,bejensri,1976/08/30,1808042.0,Mołdawia,135
198,rec-135-dup-0,galinq,,bejrnari,1967/08/30,,Mołdawia,135
199,rec-136-org,iurie,,david,1995/09/27,,Mołdawia,136
200,rec-136-dup-0,iur9e,,davic,1959/09/27,,Mołdawia,136
201,rec-137-org,viorel,,tcacenco,1999/03/28,,Mołdawia,137
202,rec-138-org,ghenadie,,morteanu,1982/10/22,,Mołdawia,138
203,rec-139-org,leonid,,ivanov,1981/02/27,,Mołdawia,139
204,rec-140-org,andrian,,pîslara?,1997/07/22,,Mołdawia,140
205,rec-141-dup-1,violsta,,co?ofzn,1987/12/23,,Mołdawia,141
206,rec-141-dup-0,viooeta,,co?ofsn,1987/12/23,,Mołdawia,141
207,rec-141-org,violeta,,co?ofan,1978/12/23,,Mołdawia,141
208,rec-142-dup-0,victoe,,bwranov,1909/03/17,,Mołdawia,142
209,rec-142-org,victor,,baranov,1990/03/17,,Mołdawia,142
210,rec-143-org,nicolae,,boico,1993/04/13,,Mołdawia,143
211,rec-144-org,angela,,morari,1996/06/08,,Mołdawia,144
212,rec-145-org,dinesh,,shrestha,1998/09/19,,Nepal,145
213,rec-145-dup-0,dinesg,,sh4estha,1998/09/19,810021.0,Nepal,145
214,rec-146-org,dal bahadur,,chaudhary,1991/08/31,,Nepal,146
215,rec-147-org,martijn,cornelis,loijenga,1979/02/09,,Holandia,147
216,rec-148-org,rodel,,corpuz,1987/09/18,,Filipiny,148
217,rec-149-dup-0,jennicer,manal0,salasar,1982/02/19,,Filipiny,149
218,rec-149-org,jennifer,manalo,salazar,1982/02/19,,Filipiny,149
219,rec-150-org,victor,,gabor,1985/12/03,,Rumunia,150
220,rec-151-org,casandra,,lăcătu?,1979/09/20,,Rumunia,151
221,rec-151-dup-0,casandfa,,lăxătu?,1997/09/20,,Rumunia,151
222,rec-152-org,pavel,,moldovan,1988/02/02,,Rumunia,152
223,rec-152-dup-0,pavwl,,mokdovan,1988/02/02,1206092.0,Rumunia,152
224,rec-153-org,pavel,,stan,1986/01/15,,Rumunia,153
225,rec-154-org,marina,,kolpakov,1999/10/01,,Rosja,154
226,rec-155-org,mariia,,ivanov,1997/03/28,,Rosja,155
227,rec-155-dup-0,mariyia,,ivabov,1979/03/28,,Rosja,155
228,rec-156-org,roman,,smirnova,1984/06/24,,Rosja,156
229,rec-157-org,ekaterina,,ivanov,1990/04/23,,Rosja,157
230,rec-158-org,artur,,nikitina,1996/07/05,,Rosja,158
231,rec-159-org,oskar,,kuznetsova,1996/07/05,,Rosja,159
232,rec-159-dup-0,osjar,arkadij,kuznetdova,1996/07/05,,Rosja,159
233,rec-160-org,anna,,semenov,1970/01/01,,Rosja,160
234,rec-160-dup-0,,borys,semenov,1907/01/01,,Rosja,160
235,rec-160-dup-1,,german,semenoc,1970/01/01,,Rosja,160
236,rec-161-org,nikita,,stepanov,2002/07/26,,Rosja,161
237,rec-162-org,stanislava,,lisitsyna,1983/06/05,,Rosja,162
238,rec-163-org,angelina,,ibragimov,1994/01/04,,Rosja,163
239,rec-163-dup-0,angelkna,ella,ibfagimov,1994/01/04,,Rosja,163
240,rec-164-org,milana,,kuzmina,1993/11/15,,Rosja,164
241,rec-165-org,miriam,,szabó,1990/01/18,,Słowacja,165
242,rec-166-org,thi quyen,,le,1995/08/13,,Wietnam,166
243,rec-167-org,minh,binh,bui,1984/02/16,,Wietnam,167
244,rec-168-dup-0,vantoan,,nguyen,1929/01/20,,Wietnam,168
245,rec-168-dup-1,vantoan,brakdanych,nguyen,1992/01/20,,Wietnam,168
246,rec-168-org,toan,,nguy?n,1992/01/20,,Wietnam,168
247,rec-169-org,th? m?n,,??,1982/10/10,,Wietnam,169
248,rec-170-org,văn th?nh,,?oan,1982/06/23,,Wietnam,170
249,rec-171-org,tonderai,,siziba,2001/09/06,,Zimbabwe,171
250,rec-172-org,xavier,,gonzalez garcia,1998/12/01,,Hiszpania,172
251,rec-173-org,silvia,,rodriguez,2000/04/06,,Hiszpania,173
252,rec-173-dup-0,silbia,,rodruguez,2000/04/06,,Hiszpania,173
253,rec-174-org,zofia,,larsson,1995/02/23,,Szwecja,174
254,rec-175-org,bülent,,özmen,1990/03/17,,Turcja,175
255,rec-176-org,aylin,,çakar,1991/02/07,,Turcja,176
256,rec-177-org,süleyman,,kahya,1993/07/15,,Turcja,177
257,rec-178-org,zehra,,kuyumcu,1993/07/28,,Turcja,178
258,rec-179-org,özgür,,korkmaz,2002/01/01,,Turcja,179
259,rec-180-org,cengizhan,,yüce,2001/02/06,,Turcja,180
260,rec-180-dup-0,cengixhan,inan,yüde,2001/02/06,,Turcja,180
261,rec-180-dup-1,cengizhsn,,yüfe,2010/02/06,,Turcja,180
262,rec-181-org,emrah,,bozkir,1989/09/07,,Turcja,181
263,rec-181-dup-0,emrah,inan,bozki5,1998/09/07,,Turcja,181
264,rec-181-dup-1,emrah,inan,b0zkir,1998/09/07,,Turcja,181
265,rec-182-org,zafer,nur,özkan,1996/08/10,,Turcja,182
266,rec-183-org,betül,,boz,2003/01/31,,Turcja,183
267,rec-184-org,chary,,gurbangeldiyev,1992/06/18,,Turkmenistan,184
268,rec-185-org,maksym,,podlenko,1985/06/07,,Ukraina,185
269,rec-186-dup-1,anastasya,,radjo,1909/01/11,,Ukraina,186
270,rec-186-dup-0,anatasiia,roman,radlo,1990/01/11,,Ukraina,186
271,rec-186-org,anastasiia,,radko,1990/01/11,,Ukraina,186
272,rec-187-org,kira,,ostapovych,1967/02/16,,Ukraina,187
273,rec-188-org,viktor,,nykoniuk,2007/09/11,,Ukraina,188
274,rec-189-org,maryna,,tymofieienko,2019/03/18,2262011.0,Ukraina,189
275,rec-190-org,viktoriia,,nesterenko,1962/02/11,,Ukraina,190
276,rec-190-dup-0,wiktoria,teodor,nesterenko,1926/02/11,,Ukraina,190
277,rec-191-org,inna,,koshlan,1992/11/18,,Ukraina,191
278,rec-192-org,vasyl,,nikitchenko,1997/07/16,1465128.0,Ukraina,192
279,rec-193-org,alisa,,kyzyk,1971/06/11,,Ukraina,193
280,rec-194-org,kostiantyn,,simak,1995/03/26,,Ukraina,194
281,rec-195-org,viktoriia,,bahmut,1967/09/06,,Ukraina,195
282,rec-195-dup-1,wiktoria,oksana,bahm8t,1967/09/06,,Ukraina,195
283,rec-195-dup-0,wiktoriya,,bajmut,1976/09/06,,Ukraina,195
284,rec-196-org,hanna,,liubenko,1971/11/20,,Ukraina,196
285,rec-197-org,yaroslav,,vizichkanych,1979/02/02,,Ukraina,197
286,rec-198-org,nazar,,choban,2018/10/03,,Ukraina,198
287,rec-199-org,svitlana,,rakocha,2015/09/09,,Ukraina,199
288,rec-200-org,pavlo,,radetskyi,1965/03/19,,Ukraina,200
289,rec-200-dup-0,pawlo,nazar,radeyskyi,1965/03/19,,Ukraina,200
290,rec-200-dup-1,paweł,,radetdkyi,1956/03/19,,Ukraina,200
291,rec-201-org,karolina,,karpovets,1978/07/08,,Ukraina,201
292,rec-202-dup-0,jarosława,maksym,puz8kov,1980/10/24,,Ukraina,202
293,rec-202-org,yaroslava,,puzikov,1980/10/24,,Ukraina,202
294,rec-203-org,nataliia,,suprun,1996/03/07,,Ukraina,203
295,rec-203-dup-1,nataliy,nazar,suprun,1969/03/07,,Ukraina,203
296,rec-203-dup-0,nataliy,denys,suprub,1996/03/07,,Ukraina,203
297,rec-204-org,mykola,,buhaichuk,1974/12/28,,Ukraina,204
298,rec-205-org,yevhenii,,sorochynska,1987/08/29,,Ukraina,205
299,rec-206-dup-0,melnyk,ostap,lysy9,1976/04/01,,Ukraina,206
300,rec-206-org,kristina,,lysyi,1976/04/01,,Ukraina,206
301,rec-207-org,oleksandr,,nazarenko,2002/05/03,,Ukraina,207
302,rec-208-org,artur,,havryliuk,1984/06/19,,Ukraina,208
303,rec-209-org,halyna,,vasylchenko,1998/08/09,,Ukraina,209
304,rec-209-dup-0,hal6na,maksym,miklovsh,1998/08/09,,Ukraina,209
305,rec-210-org,sofiia,,lazarieva,2002/09/22,3262011.0,Ukraina,210
306,rec-211-org,volodymir,,halkina,2011/05/24,,Ukraina,211
307,rec-212-org,viktor,,riabov,1985/08/17,,Ukraina,212
308,rec-212-dup-1,wiktor,,riabob,1958/08/17,,Ukraina,212
309,rec-212-dup-0,wiktor,,riahov,1958/08/17,,Ukraina,212
310,rec-213-org,yuliia,,lubko,2018/06/20,,Ukraina,213
311,rec-214-org,nikita,,muchak,2006/10/12,,Ukraina,214
312,rec-214-dup-0,nikits,bohdana,mucnak,2006/10/12,,Ukraina,214
313,rec-215-org,nataliia,,moskalenko,1993/09/22,,Ukraina,215
314,rec-216-org,wladyslawa,,malei,1972/03/25,,Ukraina,216
315,rec-216-dup-0,wladyslwwa,,maleo,1927/03/25,,Ukraina,216
316,rec-216-dup-1,wladyzlawa,dmytro,malei,1972/03/25,1007052.0,Ukraina,216
317,rec-217-org,yeva,,mudryk,2002/06/29,,Ukraina,217
318,rec-218-dup-1,davyr,nina,yelizarova,2002/11/25,,Ukraina,218
319,rec-218-dup-0,davye,,elizarova,2002/11/25,,Ukraina,218
320,rec-218-org,davyd,,yelizarova,2020/11/25,,Ukraina,218
321,rec-219-org,volodymyr,,korop,1990/08/13,,Ukraina,219
322,rec-220-org,hanna,,konashuk,1953/02/02,,Ukraina,220
323,rec-220-dup-0,hanna-mariia,nazar,konashuk,1935/02/02,,Ukraina,220
324,rec-221-org,mykola,,kovalova,2001/05/08,,Ukraina,221
325,rec-222-dup-0,ołena,,romanebko,1909/02/06,,Ukraina,222
326,rec-222-org,olena,,romanenko,1990/02/06,,Ukraina,222
327,rec-223-org,sofiia,,martianov,1978/12/31,,Ukraina,223
328,rec-224-org,artur,,denysiuk,1975/07/12,,Ukraina,224
329,rec-224-dup-1,arrur,,denysouk,1957/07/12,,Ukraina,224
330,rec-224-dup-0,artue,,denysuuk,1957/07/12,,Ukraina,224
331,rec-225-dup-0,iruna,roman,yahodyjets,1999/05/27,,Ukraina,225
332,rec-225-dup-1,viktoriya,nina,yahofynets,1999/05/27,,Ukraina,225
333,rec-225-org,iryna,,yahodynets,1999/05/27,,Ukraina,225
334,rec-226-org,diana,,petriv,1981/05/31,,Ukraina,226
335,rec-227-dup-0,andrii,bohdan,kaahuba,1956/11/11,,Ukraina,227
336,rec-227-org,andrii,,kashuba,1965/11/11,,Ukraina,227
337,rec-228-dup-0,ołena,bohdana,babenko,2020/01/14,,Ukraina,228
338,rec-228-dup-1,olwna,bożena,babenko,2020/01/14,,Ukraina,228
339,rec-228-org,olena,,babenko,2002/01/14,,Ukraina,228
340,rec-229-org,lesia,,bulat,1970/07/26,,Ukraina,229
341,rec-230-dup-1,anastasija,,nasy5ova,1981/09/08,218044.0,Ukraina,230
342,rec-230-dup-0,anastasiia,raisa,nasyroga,1918/09/08,2261011.0,Ukraina,230
343,rec-230-org,anastasiia,,nasyrova,1981/09/08,2261011.0,Ukraina,230
344,rec-231-org,artur,,oliinyk,2003/06/27,,Ukraina,231
345,rec-232-org,bohdan,,bondarenko,2015/06/10,,Ukraina,232
346,rec-233-org,nikol,,boichenko,1970/07/16,,Ukraina,233
347,rec-234-org,lubow,,protsenko,1985/03/23,,Ukraina,234
348,rec-235-org,emil,,tykhonov,1981/01/07,,Ukraina,235
349,rec-236-org,viktoriia,,danylyshyn,2020/09/03,,Ukraina,236
350,rec-237-org,mykhailo,,oliinyk,1987/11/02,,Ukraina,237
351,rec-238-dup-0,poliha,,nemyrovanhi,1927/09/30,,Ukraina,238
352,rec-238-dup-1,pokina,stepan,nemyrovanyi,1927/09/30,,Ukraina,238
353,rec-238-org,polina,,nemyrovanyi,1972/09/30,,Ukraina,238
354,rec-239-dup-0,olga,orest,parkun,1980/04/09,,Ukraina,239
355,rec-239-org,olha,,parkin,1980/04/09,,Ukraina,239
356,rec-240-org,nataliia,,kirilenko,2004/05/14,,Ukraina,240
357,rec-241-org,nataliya,,zhuravlov,1974/09/22,,Ukraina,241
358,rec-241-dup-1,nataliya,tamara,żurawlow,1947/09/22,,Ukraina,241
359,rec-241-dup-0,natalia,jarosław,żurawlow,1974/09/22,,Ukraina,241
360,rec-242-org,dmytro,,severyn,1992/06/20,,Ukraina,242
361,rec-242-dup-1,ott,teodor,severyn,1929/06/20,,Ukraina,242
362,rec-242-dup-0,sylchenko,inna,severyn,1929/06/20,,Ukraina,242
363,rec-243-org,olena,,balakai,2004/12/29,,Ukraina,243
364,rec-244-org,tetiana,,sharaban,1982/11/17,,Ukraina,244
365,rec-245-org,nikita,,sarakhman,2015/08/31,611011.0,Ukraina,245
366,rec-246-dup-1,valeriya,,sirejko,2060/11/10,,Ukraina,246
367,rec-246-org,valeriia,,sirenko,2006/11/10,,Ukraina,246
368,rec-246-dup-0,valeriya,stanisława,sieenko,2006/11/10,,Ukraina,246
369,rec-247-org,maryna,,chasovskykh,1967/04/10,,Ukraina,247
370,rec-248-org,oleksandr,,kandyba,1990/09/08,,Ukraina,248
371,rec-249-org,vladyslav,,skopychenko,1971/01/28,,Ukraina,249
372,rec-250-org,liudmyla,,parshyn,2009/09/04,,Ukraina,250
373,rec-250-dup-1,liudmyla,roman,parsh6n,2090/09/04,,Ukraina,250
374,rec-250-dup-0,lyudmyla,orest,pa4shyn,2009/09/04,,Ukraina,250
375,rec-251-dup-0,serhii,,babejko,1989/04/21,,Ukraina,251
376,rec-251-dup-1,sergiy,stepan,gulka,1989/04/21,,Ukraina,251
377,rec-251-org,sergiy,,babenko,1998/04/21,,Ukraina,251
378,rec-252-org,volodymyr,,zhyliuk,2004/08/09,,Ukraina,252
379,rec-253-org,nelia,,pylypchynets,2018/01/26,,Ukraina,253
380,rec-254-org,tetiana,,storubel,2017/10/07,,Ukraina,254
381,rec-255-org,anastasiia,,odarych,1953/02/24,,Ukraina,255
382,rec-256-org,zlata,,serdiuk,1998/01/22,,Ukraina,256
383,rec-257-dup-1,vasyl,,patsei,1907/03/31,,Ukraina,257
384,rec-257-dup-0,vasyl,taras,patsei,1970/03/31,,Ukraina,257
385,rec-257-org,oleh,,holovko,1970/03/31,,Ukraina,257
386,rec-258-org,svitlana,,besyada,2011/08/06,,Ukraina,258
387,rec-259-org,lesya,,holub,1980/01/14,,Ukraina,259
388,rec-260-org,oksana,,maievskyi,2015/10/06,,Ukraina,260
389,rec-261-dup-0,serhii,petro,shavk7n,1927/08/19,,Ukraina,261
390,rec-261-org,serhii,,shavkun,1972/08/19,,Ukraina,261
391,rec-262-org,sofiia,,borysevych,1989/11/05,,Ukraina,262
392,rec-263-dup-0,nicoo,antonina,ustinoga,1988/12/02,3008034.0,Ukraina,263
393,rec-263-dup-1,nifol,artem,ustibova,1988/12/02,3008034.0,Ukraina,263
394,rec-263-org,nicol,,ustinova,1988/12/02,3008034.0,Ukraina,263
395,rec-264-org,liubov,,avakov,1981/01/31,,Ukraina,264
396,rec-265-dup-0,mariia,maryna,yadhnyk,1948/06/04,,Ukraina,265
397,rec-265-dup-1,mariya,stanisława,yashnyk,1948/06/04,,Ukraina,265
398,rec-265-org,mariia,,yashnyk,1984/06/04,,Ukraina,265
399,rec-266-org,anastasiia,,malakhova,1995/09/23,,Ukraina,266
400,rec-266-dup-0,anastas9ia,,maoakhova,1959/09/23,,Ukraina,266
401,rec-267-org,yuliia,,vasylchenko,2011/10/10,,Ukraina,267
402,rec-268-dup-0,oleksii,ostap,plakbova,1958/11/24,,Ukraina,268
403,rec-268-org,oleksii,,plakhova,1985/11/24,,Ukraina,268
404,rec-269-org,tetiana,,divichenko,1967/07/27,,Ukraina,269
405,rec-270-dup-1,ołena,inna,riabukov,2012/11/12,,Ukraina,270
406,rec-270-dup-0,olena,borys,riabik0v,2021/11/12,,Ukraina,270
407,rec-270-org,olena,,riabikov,2012/11/12,,Ukraina,270
408,rec-271-org,yurii,,doroshenko,1973/04/24,,Ukraina,271
409,rec-272-dup-0,alona,lubomir,soroka,1938/03/02,,Ukraina,272
410,rec-272-dup-1,alona,,sorlka,1938/03/02,,Ukraina,272
411,rec-272-org,aliona,,soroka,1983/03/02,,Ukraina,272
412,rec-273-org,olha,,datsiuk,2014/03/06,,Ukraina,273
413,rec-274-org,artem,,kravchuk,2002/09/03,,Ukraina,274
414,rec-274-dup-0,atrem,,shemota,2020/09/03,,Ukraina,274
415,rec-275-org,viktor,,mambyk,1997/03/27,,Ukraina,275
416,rec-276-dup-0,yuriy,anton,niiazova,2050/12/29,,Ukraina,276
417,rec-276-dup-1,yuriy,,niiaaova,2050/12/29,,Ukraina,276
418,rec-276-org,yurii,,niiazova,2005/12/29,,Ukraina,276
419,rec-277-org,dmytro,,martsinko,1949/08/24,,Ukraina,277
420,rec-278-org,yeseniia,,balushka,1995/03/13,,Ukraina,278
421,rec-279-org,mykola,,skrypka,2020/05/07,,Ukraina,279
422,rec-280-dup-0,mykola,bożena,rog9vets,1968/08/17,,Ukraina,280
423,rec-280-org,mykola,,rogovets,1986/08/17,,Ukraina,280
424,rec-281-org,karen,,troian,2015/06/26,,Ukraina,281
425,rec-282-org,mykhailo,,kantsedal,2004/07/22,,Ukraina,282
426,rec-283-org,valeriia,,dobryi,1982/08/10,,Ukraina,283
427,rec-284-org,dmytro,,oprisnyk,1973/09/06,,Ukraina,284
428,rec-285-org,mariia,,kostrytsia,2007/11/18,,Ukraina,285
429,rec-286-org,yuliia,,terekhova,1984/11/07,,Ukraina,286
430,rec-287-org,volodymyr,,sharipova,2000/11/12,1210164.0,Ukraina,287
431,rec-288-org,zoriana,,krat,1984/07/22,,Ukraina,288
432,rec-289-org,lyubov,,onyshchenko,1990/09/08,,Ukraina,289
433,rec-290-dup-0,tsaruk,maksym,zadorovska,1948/01/10,,Ukraina,290
434,rec-290-org,mykhailo,,zadorovska,1984/01/10,,Ukraina,290
435,rec-291-dup-1,luka,,al3ksandrova,1929/02/21,,Ukraina,291
436,rec-291-dup-0,alina,taras,aleksanerova,1929/02/21,,Ukraina,291
437,rec-291-org,alina,,aleksandrova,1992/02/21,,Ukraina,291
438,rec-292-org,valerii,,diakonenko,2014/05/25,,Ukraina,292
439,rec-293-org,alina,,kens,1999/06/08,261011.0,Ukraina,293
440,rec-294-org,denys,,dzhochka,1992/01/15,,Ukraina,294
441,rec-294-dup-0,,stanisław,dzhochka,1929/01/15,,Ukraina,294
442,rec-294-dup-1,,taras,dzhochka,1992/01/15,3010124.0,Ukraina,294
443,rec-295-org,ivan,,antoniuk,2000/03/06,,Ukraina,295
444,rec-296-org,olha,,vyval,2014/12/21,,Ukraina,296
445,rec-297-org,yaroslav,,liubych,1962/11/09,,Ukraina,297
446,rec-298-org,kira,,andrushko,1973/02/05,,Ukraina,298
447,rec-299-org,ivan,,dovhopolyi,1976/01/14,,Ukraina,299
448,rec-300-org,yuliia,,bilous,1979/09/04,,Ukraina,300
449,rec-301-org,daria,,syrotiuk,1997/08/15,,Ukraina,301
450,rec-302-dup-0,zbitniewa,,herasymers,1908/04/26,,Ukraina,302
451,rec-302-dup-1,yevheniya,,berasymets,1908/04/26,,Ukraina,302
452,rec-302-org,yevheniia,,herasymets,1980/04/26,,Ukraina,302
453,rec-303-org,liubov,,ilchenko,1991/07/12,,Ukraina,303
454,rec-304-dup-1,,antonina,kushchwva,2003/05/25,,Ukraina,304
455,rec-304-dup-0,,,kushchevs,2030/05/25,,Ukraina,304
456,rec-304-org,nina,,kushcheva,2003/05/25,,Ukraina,304
457,rec-305-dup-0,sergiusz,anna,pozdniakova,1958/11/25,,Ukraina,305
458,rec-305-org,sergii,,pozdniakova,1985/11/25,,Ukraina,305
459,rec-306-dup-0,wiktoriya,taras,murza,1978/07/20,,Ukraina,306
460,rec-306-org,viktoriia,,murza,1987/07/20,,Ukraina,306
461,rec-306-dup-1,wiktoriya,dmytro,muraa,1987/07/20,,Ukraina,306
462,rec-307-org,yevhenii,,baius,1994/01/07,1061059.0,Ukraina,307
463,rec-308-org,maiia,,dobrovinskyi,1979/02/11,,Ukraina,308
464,rec-309-dup-1,jan,,puts,1978/12/09,2402022.0,Ukraina,309
465,rec-309-org,ivan,,puts,1987/12/09,1405044.0,Ukraina,309
466,rec-309-dup-0,jan,raisa,purs,1987/12/09,1405044.0,Ukraina,309
467,rec-310-org,ivan,,shevchuk,2012/01/08,,Ukraina,310
468,rec-311-org,iryna,,bondarenko,2006/05/04,,Ukraina,311
469,rec-312-org,yuliia,,lebedieva,1991/09/04,,Ukraina,312
470,rec-312-dup-0,yulyia,,leb4dieva,1919/09/04,,Ukraina,312
471,rec-313-org,oleksandr,,porplytsia,1984/08/08,1465148.0,Ukraina,313
472,rec-314-dup-1,roman,denys,bryah,1973/02/11,264039.0,Ukraina,314
473,rec-314-org,roman,,bryzh,1973/02/11,,Ukraina,314
474,rec-314-dup-0,,,bryxh,1937/02/11,,Ukraina,314
475,rec-315-org,liudmyla,,shamrylo,1996/01/23,,Ukraina,315
476,rec-316-org,mykyta,,kishyk,1977/11/19,,Ukraina,316
477,rec-316-dup-0,mikita,denys,kishuk,1977/11/19,,Ukraina,316
478,rec-317-org,oleksii,,nechypurenko,2011/02/12,,Ukraina,317
479,rec-318-org,yana,,pekha,2010/10/22,,Ukraina,318
480,rec-318-dup-0,jana,,gudel,2001/10/22,,Ukraina,318
481,rec-318-dup-1,iana,,gudel,2001/10/22,,Ukraina,318
482,rec-319-org,oleksandr,,petlytsia,1984/01/04,,Ukraina,319
483,rec-320-org,mariya,,aristova,2023/01/23,,Ukraina,320
484,rec-321-org,ilarii,,kadukha,1982/05/03,,Ukraina,321
485,rec-322-org,yana,,melnyk,1971/11/26,,Ukraina,322
486,rec-323-org,hlib,,vilhan,2018/09/20,,Ukraina,323
487,rec-324-org,dmytro,,horb,1981/03/18,,Ukraina,324
488,rec-325-org,denis,,parchuk,1980/11/22,,Ukraina,325
489,rec-326-org,anton,,ivaskiv,1980/07/04,,Ukraina,326
490,rec-326-dup-0,,stanisława,ivaxkiv,1980/07/04,,Ukraina,326
491,rec-327-org,yuliia,,poberezhets,1987/03/20,,Ukraina,327
492,rec-328-org,daria,,yakymenko,1970/12/02,,Ukraina,328
493,rec-329-org,nikita,,kostiukevych,1992/10/14,,Ukraina,329
494,rec-330-org,kateryna,,matiiek,2009/05/26,,Ukraina,330
495,rec-331-org,oksana,,seredokha,2003/05/13,,Ukraina,331
496,rec-332-dup-0,sofiya,stanisław,shukhina,1995/11/04,,Ukraina,332
497,rec-332-org,sofiia,,shulhina,1995/11/04,,Ukraina,332
498,rec-333-org,andrii,,pynko,2018/06/16,,Ukraina,333
499,rec-334-org,yevheniia,,semak,2013/06/01,,Ukraina,334
500,rec-335-org,vladyslav,,mikhno,1998/09/11,,Ukraina,335
501,rec-336-org,volodymyr,,ilkiv,2005/10/18,,Ukraina,336
502,rec-337-org,khrystyna,,koval,1973/11/27,,Ukraina,337
503,rec-338-dup-0,vitoria,,kocimska,1929/10/02,,Ukraina,338
504,rec-338-dup-1,viktoriya,teodor,karpenko,1929/10/02,,Ukraina,338
505,rec-338-org,viktoriia,,karpenko,1992/10/02,,Ukraina,338
506,rec-339-org,oleksii,,horbach,1989/02/06,,Ukraina,339
507,rec-340-org,dmytro,,chernihovets,1971/03/14,,Ukraina,340
508,rec-341-org,tetiana,,knivets,2007/02/14,,Ukraina,341
509,rec-342-org,yaroslav,,karman,1999/09/23,,Ukraina,342
510,rec-343-dup-0,oleksndr,maryna,lu6syshyn,1955/01/09,,Ukraina,343
511,rec-343-org,oleksandr,,lutsyshyn,1955/01/09,,Ukraina,343
512,rec-343-dup-1,oleksnadr,anton,lutsysbyn,1955/01/09,,Ukraina,343
513,rec-344-org,vasyl,,sydoruk,1974/02/11,,Ukraina,344
514,rec-345-org,nadiia,,zabirko,1985/10/19,,Ukraina,345
515,rec-346-org,serhii,,grabowska,1986/05/22,,Ukraina,346
516,rec-347-org,valerii,,chernysh,2014/07/31,,Ukraina,347
517,rec-348-org,fedir,,rubel,1964/09/05,,Ukraina,348
518,rec-349-org,valerii,,bychko,1985/03/08,,Ukraina,349
519,rec-349-dup-0,valeriy,,bydhko,1958/03/08,,Ukraina,349
520,rec-350-org,serhii,,bosyi,1997/06/13,,Ukraina,350
521,rec-350-dup-0,stefan,maksym,bosyo,1997/06/13,,Ukraina,350
522,rec-351-org,oleksandra,,reshetniak,2010/05/12,,Ukraina,351
523,rec-352-org,hanna,,kolodii,1986/01/29,,Ukraina,352
524,rec-353-org,iryna,,semchyk,2016/12/03,,Ukraina,353
525,rec-354-dup-0,tetyana,tamara,kostabdi,1997/04/19,,Ukraina,354
526,rec-354-org,tetiana,,kostandi,1997/04/19,,Ukraina,354
527,rec-355-org,halyna,,bobonych,1981/05/26,,Ukraina,355
528,rec-356-dup-0,alisia,,dudi8,1994/09/01,1061059.0,Ukraina,356
529,rec-356-dup-1,aliza,artem,dusii,1994/09/01,,Ukraina,356
530,rec-356-org,alisa,,dudii,1994/09/01,,Ukraina,356
531,rec-357-org,viacheslav,,telcharov,1984/11/17,,Ukraina,357
532,rec-358-org,nataliia,,svorin,1997/07/27,,Ukraina,358
533,rec-359-org,myroslav,,kravets,1975/08/18,,Ukraina,359
534,rec-359-dup-0,mirosław,,kravets-białk,1957/08/18,,Ukraina,359
535,rec-360-org,vladyslava,,moldovanova,1986/03/23,,Ukraina,360
536,rec-360-dup-0,vlad7slava,orest,moldovanova,1968/03/23,,Ukraina,360
537,rec-361-org,andrii,,malitska,1984/02/10,,Ukraina,361
538,rec-361-dup-0,leonid,fedir,malitska,1948/02/10,,Ukraina,361
539,rec-361-dup-1,andrii,bohdana,malitsma,1948/02/10,,Ukraina,361
540,rec-362-org,mykhailo,,kyrychenko,1957/01/22,,Ukraina,362
541,rec-363-dup-1,nataliua,raisa,romaniuk,1967/02/01,,Ukraina,363
542,rec-363-dup-0,natalya,borys,romaniuk,1967/02/01,,Ukraina,363
543,rec-363-org,nataliia,,romaniuk,1976/02/01,,Ukraina,363
544,rec-364-org,olha,,zaritska,2020/11/02,,Ukraina,364
545,rec-365-dup-0,ihor,anton,turyk,1958/01/27,,Ukraina,365
546,rec-365-org,ihor,,shvets,1985/01/27,,Ukraina,365
547,rec-366-org,kateryna,,polets,2017/02/13,,Ukraina,366
548,rec-366-dup-0,yekaterina,inna,polets,2071/02/13,,Ukraina,366
549,rec-366-dup-1,katrina,iwan,polets,2071/02/13,,Ukraina,366
550,rec-367-org,nataliya,,trunov,1997/03/17,,Ukraina,367
551,rec-368-org,nataliia,,zahorulko,1954/05/17,,Ukraina,368
552,rec-368-dup-0,natalya,maksym,zahoeulko,1954/05/17,,Ukraina,368
553,rec-368-dup-1,nataluia,dmytro,zahorjlko,1954/05/17,,Ukraina,368
554,rec-369-org,viktoriia,,stasiuk,2001/10/27,,Ukraina,369
555,rec-369-dup-0,wiktorija,fedir,wierzbińska,2001/10/27,,Ukraina,369
556,rec-370-org,mykola,,dobrovolskyi,2003/09/17,,Ukraina,370
557,rec-370-dup-0,mykoła,raisa,dobrovooskyi,2003/09/17,,Ukraina,370
558,rec-371-dup-0,polona,anna,labau,1995/02/20,,Ukraina,371
559,rec-371-org,polina,,labai,1995/02/20,,Ukraina,371
560,rec-372-org,oleksandr,,yerofeiev,1972/03/28,,Ukraina,372
561,rec-373-org,inna,,romaniuk,1998/08/19,,Ukraina,373
562,rec-374-org,iryna,,fedorenko,1984/03/24,,Ukraina,374
563,rec-375-org,anastasiia,,telytsia,1983/05/27,,Ukraina,375
564,rec-375-dup-0,anastasiia,dmytro,telytdia,1938/05/27,,Ukraina,375
565,rec-376-org,liudmyla,,liakhman,1976/01/13,,Ukraina,376
566,rec-377-dup-1,taisiya,anton,szalanska,1967/08/20,,Ukraina,377
567,rec-377-dup-0,taisija,stanisława,yatsenko,1967/08/20,,Ukraina,377
568,rec-377-org,taisiia,,bondarenko,1967/08/20,,Ukraina,377
569,rec-378-org,mariia,,snizhko,1991/06/24,,Ukraina,378
570,rec-379-org,pavlina,,babiiuk,1976/03/26,,Ukraina,379
571,rec-380-dup-0,lyubov,,trofumchuk,2050/10/08,,Ukraina,380
572,rec-380-org,liubov,,trofymchuk,2005/10/08,,Ukraina,380
573,rec-381-org,svitlana,,marczenko,2000/04/26,,Ukraina,381
574,rec-382-org,kostiantyn,,abramova,1998/06/29,,Ukraina,382
575,rec-383-org,yosyp,,karpovska,1980/11/24,,Ukraina,383
576,rec-384-org,mariana,,ternova,1974/02/12,,Ukraina,384
577,rec-384-dup-0,vanina,,shymanska,1947/02/12,,Ukraina,384
578,rec-384-dup-1,vanina,maksym,shymanska,1974/02/12,,Ukraina,384
579,rec-385-org,maksym,,saletska,1965/10/10,,Ukraina,385
580,rec-386-org,oleksandra,,shramenko,1987/12/04,,Ukraina,386
581,rec-387-org,inna,,kotsaba,1985/04/12,,Ukraina,387
582,rec-387-dup-0,inna,maksym,kotsabw,1958/04/12,,Ukraina,387
583,rec-388-org,matvii,,shylo,2001/04/13,,Ukraina,388
584,rec-389-org,anna,,hordiiuk,1983/06/22,,Ukraina,389
585,rec-390-org,viktor,,pasichnyk,1976/06/17,,Ukraina,390
586,rec-391-org,svitlana,,hoha,1995/09/15,,Ukraina,391
587,rec-392-dup-0,oleksyi,taras,lykjo,2006/05/03,,Ukraina,392
588,rec-392-org,oleksii,,lykho,2006/05/03,,Ukraina,392
589,rec-393-org,vitalii,,zhyhalo,2000/01/05,,Ukraina,393
590,rec-394-dup-0,maryna-marharyta,,redzkuk,2050/08/14,,Ukraina,394
591,rec-394-dup-1,maryna-marharyta,,redz9uk,2050/08/14,,Ukraina,394
592,rec-394-org,maryna,,redziuk,2005/08/14,,Ukraina,394
593,rec-395-org,olena,,volkov,1998/01/06,,Ukraina,395
594,rec-396-org,ivan,,kochina,2005/05/27,,Ukraina,396
595,rec-397-org,viktor,,rykovska,1995/02/09,,Ukraina,397
596,rec-397-dup-0,wiktor,oksana,rykovska,1959/02/09,,Ukraina,397
597,rec-398-org,serhii,,moskalenko,2016/12/03,,Ukraina,398
598,rec-399-org,oleh,,lebid,1982/01/09,,Ukraina,399
599,rec-399-dup-0,vasyl,fedir,tytarenko,1982/01/09,,Ukraina,399
600,rec-400-org,anastasiia,,mosur,1982/02/14,,Ukraina,400
601,rec-401-org,olesia,,vysotska,1958/09/27,,Ukraina,401
602,rec-401-dup-0,olesya,maksym,wysocka,1958/09/27,,Ukraina,401
603,rec-402-dup-0,viktiriia,,volosgyna,1907/10/29,,Ukraina,402
604,rec-402-org,viktoriia,,voloshyna,1970/10/29,,Ukraina,402
605,rec-402-dup-1,wiktoriya,taras,voloshyna,1907/10/29,,Ukraina,402
606,rec-403-dup-0,oleksandr,stanisław,drechrvych,1906/12/25,,Ukraina,403
607,rec-403-org,oleksandr,,drechevych,1960/12/25,,Ukraina,403
608,rec-404-org,daryna,,mytulynskyi,1962/03/18,,Ukraina,404
609,rec-405-org,igor,,moseichuk,1992/02/01,,Ukraina,405
610,rec-406-dup-1,vladyskava,,chemeryw,2051/07/12,,Ukraina,406
611,rec-406-org,vladyslava,,chemerys,2015/07/12,,Ukraina,406
612,rec-406-dup-0,vlsdyslava,artem,cheme4ys,2015/07/12,,Ukraina,406
613,rec-407-org,iryna,,khoptiuk,2004/03/03,,Ukraina,407
614,rec-408-dup-0,svitłana,tamara,leskovetd,2022/02/02,,Ukraina,408
615,rec-408-org,svitlana,,leskovets,2022/02/02,,Ukraina,408
616,rec-409-org,kseniia,,tsivinska,1999/09/02,,Ukraina,409
617,rec-410-dup-0,chrystyna,raisa,zubkova,1987/03/25,,Ukraina,410
618,rec-410-org,krystyna,,zubkova,1978/03/25,,Ukraina,410
619,rec-411-dup-0,serhii,maryna,diach7k,2014/03/23,,Ukraina,411
620,rec-411-org,serhiy,,diachuk,2014/03/23,,Ukraina,411
621,rec-412-org,andrii,,prymak,1995/09/17,,Ukraina,412
622,rec-412-dup-0,andrzej,oksana,prymal,1995/09/17,,Ukraina,412
623,rec-413-org,viktoriia,,mamrych,1982/04/24,,Ukraina,413
624,rec-414-org,oleksandr,,saifutdinova,1966/01/01,,Ukraina,414
625,rec-415-org,vitalii,,kolesnyk,1981/07/23,,Ukraina,415
626,rec-416-org,yuliia,,svyryd,1946/04/20,,Ukraina,416
627,rec-417-org,dmytro,,trachuk,1957/08/08,,Ukraina,417
628,rec-418-org,ilona,,zelenko,2000/12/13,,Ukraina,418
629,rec-419-org,yuliia,,mykytiuk,2007/07/11,,Ukraina,419
630,rec-420-org,ivan,,ponomarchyk,2008/05/02,,Ukraina,420
631,rec-421-org,roman,,sichkar,1987/08/19,,Ukraina,421
632,rec-421-dup-0,roman,petro,sichlar,1978/08/19,,Ukraina,421
633,rec-422-dup-0,attiem,bohdana,kovaoenko,1963/01/08,,Ukraina,422
634,rec-422-org,artiem,,kovalenko,1963/01/08,,Ukraina,422
635,rec-422-dup-1,artiem,oksana,pomchenko,1936/01/08,,Ukraina,422
636,rec-423-org,tetiana,,chubar,1995/12/31,,Ukraina,423
637,rec-424-org,olha,,volkovskyi,1992/07/20,,Ukraina,424
638,rec-425-org,ivan,,iskra,2009/06/30,,Ukraina,425
639,rec-426-org,yeva,,zharova,1983/06/20,,Ukraina,426
640,rec-427-dup-0,piotr,,dzjura,2081/06/29,,Ukraina,427
641,rec-427-org,petro,,dzhura,2018/06/29,,Ukraina,427
642,rec-428-org,oleksandra,,zaiets,1996/08/20,,Ukraina,428
643,rec-428-dup-0,ołeksandra,raisa,zaiers,1996/08/20,,Ukraina,428
644,rec-429-org,sergii,,sribna,1962/06/14,,Ukraina,429
645,rec-429-dup-0,sergii,ustym,srivna,1926/06/14,,Ukraina,429
646,rec-430-org,halyna,,mykolaichuk,2009/07/16,,Ukraina,430
647,rec-430-dup-0,hałyna,petro,drążkowska,2009/07/16,,Ukraina,430
648,rec-430-dup-1,smysh,,drążkowska,2090/07/16,,Ukraina,430
649,rec-431-org,nikita,,petrovska,1974/04/23,,Ukraina,431
650,rec-432-org,andrii,,rohachuk,1980/03/31,,Ukraina,432
651,rec-432-dup-0,andrij,nazar,rohachik,1980/03/31,,Ukraina,432
652,rec-433-org,solomiia,,zla,2005/11/15,,Ukraina,433
653,rec-434-dup-0,serhi9,,malsnchak,1998/11/07,804044.0,Ukraina,434
654,rec-434-org,serhii,,malanchak,1998/11/07,,Ukraina,434
655,rec-435-dup-0,hałyna,,perdpechkin,2010/01/12,,Ukraina,435
656,rec-435-org,halyna,,perepechkin,2001/01/12,,Ukraina,435
657,rec-436-dup-1,yaroslaw,anna,buval4ts,1994/02/11,,Ukraina,436
658,rec-436-dup-0,yaroslaw,stanisław,buvalets,1949/02/11,,Ukraina,436
659,rec-436-org,yaroslav,,buvalets,1994/02/11,,Ukraina,436
660,rec-437-org,yuliia,,levytska,1989/11/15,,Ukraina,437
661,rec-438-dup-0,,teodor,kulisz,1985/08/07,,Ukraina,438
662,rec-438-org,dmytro,,kulish,1985/08/07,,Ukraina,438
663,rec-439-org,arina,,bohata,1993/06/26,,Ukraina,439
664,rec-440-org,nataliia,,bazhenov,1974/02/27,,Ukraina,440
665,rec-441-dup-0,jan,anna,yamskyi,1997/08/06,,Ukraina,441
666,rec-441-dup-1,ivan,petro,yamsmyi,1997/08/06,,Ukraina,441
667,rec-441-org,ivan,,yamskyi,1979/08/06,,Ukraina,441
668,rec-442-org,oleksandr,,melnyk,1994/03/06,,Ukraina,442
669,rec-443-org,viktoriia,,patiaka,1979/04/03,,Ukraina,443
670,rec-443-dup-0,wiktoriya,nina,patizka,1979/04/03,,Ukraina,443
671,rec-443-dup-1,vitoria,,pa5iaka,1997/04/03,,Ukraina,443
672,rec-444-dup-0,viacheslav,,yolim,1929/08/15,,Ukraina,444
673,rec-444-org,alla,,yolik,1992/08/15,,Ukraina,444
674,rec-445-org,mariia,,ruda,1985/03/07,,Ukraina,445
675,rec-446-org,uliana,,drachynska,1993/10/27,,Ukraina,446
676,rec-446-dup-0,ulyana,lubomir,drachyjska,1993/10/27,,Ukraina,446
677,rec-446-dup-1,uliana,maksym,drachynxka,1939/10/27,,Ukraina,446
678,rec-447-dup-0,ihor,ostap,mykytiuk,1938/08/09,,Ukraina,447
679,rec-447-org,igor,,mykytiuk,1983/08/09,,Ukraina,447
680,rec-448-org,marharyta,,popoilyk,1960/06/08,,Ukraina,448
681,rec-449-org,ivan,,hryhorovych,1981/10/27,,Ukraina,449
682,rec-449-dup-0,ivan,roman,hrihorovich,1918/10/27,,Ukraina,449
683,rec-450-org,artem,,kholiava,1984/12/01,1261049.0,Ukraina,450
684,rec-451-org,oleksandr,,skvortsov,1982/12/02,,Ukraina,451
685,rec-452-org,nataliia,,mykhailyk,1988/11/28,,Ukraina,452
686,rec-452-dup-0,nataliy,maksym,mihailik,1988/11/28,,Ukraina,452
687,rec-453-org,volodymyr,,pashchenko,1996/06/22,,Ukraina,453
688,rec-454-org,dmytro,,mykhno,2020/02/28,,Ukraina,454
689,rec-455-dup-0,,anton,semets,1989/02/01,,Ukraina,455
690,rec-455-org,denys,,semets,1998/02/01,,Ukraina,455
691,rec-455-dup-1,,borys,semets,1989/02/01,,Ukraina,455
692,rec-456-org,anhelina,,hetmanenko,2007/11/13,,Ukraina,456
693,rec-457-org,vladyslav,,kalenikov,1977/11/15,,Ukraina,457
694,rec-458-org,viktor,,ihnatenko,1971/05/27,,Ukraina,458
695,rec-459-dup-0,władysław,oksana,proshkp,1987/04/29,,Ukraina,459
696,rec-459-org,vladyslav,,proshko,1987/04/29,,Ukraina,459
697,rec-460-dup-0,svitlana,ostap,zharko,1917/11/12,,Ukraina,460
698,rec-460-org,svitlana,,tkachuk,1971/11/12,,Ukraina,460
699,rec-461-org,nadiia,,lakatosh,2009/05/26,,Ukraina,461
700,rec-462-org,denys,,kuzko,2011/08/12,,Ukraina,462
701,rec-463-org,anna,,shostak,1959/03/18,,Ukraina,463
702,rec-463-dup-0,anna,ostap,shostsk,1995/03/18,,Ukraina,463
703,rec-464-org,ivanna,,nazarenko,1992/08/31,,Ukraina,464
704,rec-464-dup-0,iwanna,,shykhaliieva,1929/08/31,,Ukraina,464
705,rec-464-dup-1,ivahna,,shykhaliieva,1929/08/31,,Ukraina,464
706,rec-465-dup-1,yurii,fedir,barwbash,1917/11/30,,Ukraina,465
707,rec-465-dup-0,yuriy,petro,barabssh,1971/11/30,,Ukraina,465
708,rec-465-org,yurii,,barabash,1971/11/30,,Ukraina,465
709,rec-466-dup-0,andriisn,stepan,kolomiitsev,1908/02/11,215011.0,Ukraina,466
710,rec-466-org,andriian,,kolomiitsev,1980/02/11,215011.0,Ukraina,466
711,rec-467-org,mykola,,hutak,2000/06/14,,Ukraina,467
712,rec-468-org,mariya,,rudov,2004/04/09,,Ukraina,468
713,rec-469-org,oleh,,lastochkin,1985/02/16,,Ukraina,469
714,rec-470-org,dzhamila,,perehinets,1994/12/05,,Ukraina,470
715,rec-471-org,alina,,kharchenko,2003/04/05,,Ukraina,471
716,rec-472-org,rostyslav,,kharkovska,1947/02/09,,Ukraina,472
717,rec-473-org,sergiy,,voit,2023/06/09,,Ukraina,473
718,rec-474-dup-0,viktoriya,maksym,mashlai,1957/06/07,,Ukraina,474
719,rec-474-org,viktoriia,,mashlai,1975/06/07,,Ukraina,474
720,rec-475-org,dmytro,,yushko,1976/03/24,,Ukraina,475
721,rec-476-org,artem,,savina,1965/08/23,223045.0,Ukraina,476
722,rec-477-org,mykola,,berezhniuk,1988/09/20,,Ukraina,477
723,rec-478-dup-0,neon8la,,mashchejko,2081/06/20,,Ukraina,478
724,rec-478-org,neonila,,mashchenko,2018/06/20,,Ukraina,478
725,rec-479-org,maksym,,yaremchuk,2003/10/16,,Ukraina,479
726,rec-480-dup-0,wiktor,,sirii,1998/10/25,,Ukraina,480
727,rec-480-org,viktor,,sirik,1989/10/25,,Ukraina,480
728,rec-481-org,ihor,,shabliuk,1969/03/04,,Ukraina,481
729,rec-481-dup-0,igor,nina,shagliuk,1969/03/04,,Ukraina,481
730,rec-481-dup-1,ihor,bohdana,shabliik,1996/03/04,,Ukraina,481
731,rec-482-org,khrystyna,,mandziuk,1991/03/10,,Ukraina,482
732,rec-482-dup-0,khrysyyna,nina,rogala,1991/03/10,,Ukraina,482
733,rec-482-dup-1,kravtsova,anna,rogala,1991/03/10,,Ukraina,482
734,rec-483-org,olena,,hasparian,1996/12/14,,Ukraina,483
735,rec-484-org,diana,,kutsa,2001/12/03,,Ukraina,484
736,rec-485-org,savelii,,linkevych,1989/04/03,,Ukraina,485
737,rec-486-org,tetiana,,kliuiko,1994/01/02,,Ukraina,486
738,rec-487-org,liudmyla,,polovko,1982/08/26,,Ukraina,487
739,rec-488-org,matviy,,korol,2015/05/27,,Ukraina,488
740,rec-488-dup-0,matfiy,maksym,rupa,2015/05/27,,Ukraina,488
741,rec-489-org,kateryna,,shcherba,2004/10/30,,Ukraina,489
742,rec-490-dup-0,smysh,,dvorjiak,1948/03/06,,Ukraina,490
743,rec-490-org,halyna,,dvorniak,1984/03/06,,Ukraina,490
744,rec-491-org,yevhenii,,kabelkov,2006/01/29,,Ukraina,491
745,rec-492-dup-0,ivan,borys,mykhailiikova,1977/03/17,3004052.0,Ukraina,492
746,rec-492-org,ivan,,mykhailiukova,1977/03/17,,Ukraina,492
747,rec-493-org,danylo,,velyka,1968/09/17,,Ukraina,493
748,rec-493-dup-0,daniil,anton,zhukotska,1968/09/17,,Ukraina,493
749,rec-494-org,miron,,miroshnychenko,1981/05/11,,Ukraina,494
750,rec-494-dup-0,mirpn,,mirosznik,1918/05/11,,Ukraina,494
751,rec-494-dup-1,mieon,,mirosznik,1918/05/11,,Ukraina,494
752,rec-495-org,dmytro,,kozlovskyi,1977/05/05,,Ukraina,495
753,rec-496-dup-0,eliha,roman,vakhuoa,1984/05/12,,Ukraina,496
754,rec-496-org,elina,,vakhula,1984/05/12,,Ukraina,496
755,rec-497-org,yana,,tkachuk,1997/08/31,,Ukraina,497
756,rec-498-org,ruslan,,shynkarchuk,2012/01/06,461011.0,Ukraina,498
757,rec-499-org,heorhii,,yesipenko,1979/10/28,,Ukraina,499
758,rec-500-org,nikita,,kobiasheva,1984/08/03,,Ukraina,500
759,rec-501-org,olga,,pihur,2020/03/14,,Ukraina,501
760,rec-501-dup-0,olha,orest,pihur,2020/03/14,1432064.0,Ukraina,501
761,rec-502-dup-0,ganna,maryna,mykhailo,2014/08/20,,Ukraina,502
762,rec-502-org,anna,,kotsiuba,2014/08/20,,Ukraina,502
763,rec-503-org,svitlana,,valovych,1980/08/08,,Ukraina,503
764,rec-504-org,denys,,shkir,1998/03/05,,Ukraina,504
765,rec-505-org,wasyl,,zaremba,1986/09/14,,Ukraina,505
766,rec-506-org,oleg,,bazyliuk,1990/01/28,,Ukraina,506
767,rec-507-org,zhanna,,yurkiv,1972/02/20,,Ukraina,507
768,rec-507-dup-0,żaneta,,yu5kiv,1927/02/20,,Ukraina,507
769,rec-508-org,dmytro,,zelenevych,1975/09/25,,Ukraina,508
770,rec-508-dup-0,dmytro,bohdana,zelenevhch,1957/09/25,,Ukraina,508
771,rec-508-dup-1,dmy6ro,inna,zelenevycj,1975/09/25,,Ukraina,508
772,rec-509-org,kateryna,,bortnyk,2002/06/06,,Ukraina,509
773,rec-510-org,serhii,,chereshniuk,1986/05/06,,Ukraina,510
774,rec-511-dup-0,olyga,borys,liajh,1990/08/27,,Ukraina,511
775,rec-511-org,olha,,liakh,1990/08/27,,Ukraina,511
776,rec-512-dup-1,yekaterina,,shuliar,1967/12/06,,Ukraina,512
777,rec-512-dup-0,kateryna,stanisław,morozowa,1967/12/06,,Ukraina,512
778,rec-512-org,kateryna,,morozova,1976/12/06,,Ukraina,512
779,rec-513-org,taras,,derkach,1996/12/04,,Ukraina,513
780,rec-514-org,serhii,,chopko,1991/03/09,,Ukraina,514
781,rec-515-org,oleksandr,,bodrova,1989/02/10,,Ukraina,515
782,rec-516-dup-0,anastasyia,ostap,tazova,1928/11/23,,Ukraina,516
783,rec-516-org,anastasiia,,tazova,1982/11/23,,Ukraina,516
784,rec-516-dup-1,anatasiia,orest,tazovs,1982/11/23,,Ukraina,516
785,rec-517-org,veronika,,szynkarenko,1979/02/15,,Ukraina,517
786,rec-517-dup-1,veronika,iwan,szynkarenmo,1997/02/15,,Ukraina,517
787,rec-517-dup-0,weronika,,szynkarebko,1997/02/15,,Ukraina,517
788,rec-518-org,yuliia,,kalashnykova,1990/07/14,,Ukraina,518
789,rec-519-org,danylo,,kotsiuba,2005/07/05,,Ukraina,519
790,rec-520-org,mikhail,,koba,1979/05/14,,Ukraina,520
791,rec-521-org,liudmyla,,korolchuk,2008/01/02,,Ukraina,521
792,rec-522-org,sofiia,,palchynska,2016/05/03,,Ukraina,522
793,rec-522-dup-0,sofoia,antonina,palch6nska,2016/05/03,,Ukraina,522
794,rec-523-dup-0,daria,iwan,komar0v,1998/02/03,264039.0,Ukraina,523
795,rec-523-org,daria,,komarov,1998/02/03,,Ukraina,523
796,rec-524-org,daria,,hryno,2015/03/06,,Ukraina,524
797,rec-525-org,nataliia,,melnyk,1995/12/18,,Ukraina,525
798,rec-526-org,andrii,,smetana,2011/11/29,1465068.0,Ukraina,526
799,rec-527-org,valentyn,,zubyk,1990/08/31,,Ukraina,527
800,rec-528-dup-1,,maryna,mosenko,1978/09/16,,Ukraina,528
801,rec-528-org,maksym,,kosenko,1978/09/16,,Ukraina,528
802,rec-528-dup-0,maxim,anton,kosenko,1987/09/16,,Ukraina,528
803,rec-529-dup-1,ołena,stepan,levko,1938/05/28,,Ukraina,529
804,rec-529-org,olena,,levko,1983/05/28,,Ukraina,529
805,rec-529-dup-0,olena,bohdan,levjo,1938/05/28,,Ukraina,529
806,rec-530-org,ivan,,arakelian,1979/06/07,,Ukraina,530
807,rec-531-org,veronika,,homonets,2003/01/31,,Ukraina,531
808,rec-532-org,karina,,sitalo,1998/07/09,,Ukraina,532
809,rec-533-org,iryna,,bidula,1981/06/07,,Ukraina,533
810,rec-534-org,oleksandra,,babakova,2004/06/03,,Ukraina,534
811,rec-535-dup-0,władysław,bożena,toropenko,1997/03/28,,Ukraina,535
812,rec-535-org,vladyslav,,toropenko,1979/03/28,,Ukraina,535
813,rec-536-org,aminat,,mykytyn,1993/02/04,461011.0,Ukraina,536
814,rec-537-org,dmytro,,okhniuk,2013/04/10,,Ukraina,537
815,rec-537-dup-0,dmy6ro,lubomir,okhniyk,2013/04/10,,Ukraina,537
816,rec-538-dup-0,andżej,,tomaxhchuk,1947/04/08,,Ukraina,538
817,rec-538-org,andrii,,tomashchuk,1974/04/08,,Ukraina,538
818,rec-539-org,oleksandr,,kalyn,2004/11/28,,Ukraina,539
819,rec-540-dup-1,stefan,nina,dorozhynaka,1976/06/19,,Ukraina,540
820,rec-540-dup-0,serhiy,stepan,dorozhyhska,1976/06/19,,Ukraina,540
821,rec-540-org,serhii,,dorozhynska,1976/06/19,,Ukraina,540
822,rec-541-dup-0,nataliya,antonina,vesns,1980/02/10,,Ukraina,541
823,rec-541-org,nataliia,,vesna,1980/02/10,,Ukraina,541
824,rec-542-dup-0,yulyia,,holovata,2091/01/22,,Ukraina,542
825,rec-542-org,yuliia,,golovata,2019/01/22,,Ukraina,542
826,rec-543-dup-0,karyna,denys,butik,2021/04/23,,Ukraina,543
827,rec-543-org,karina,,butuk,2021/04/23,,Ukraina,543
828,rec-544-org,svitlana,,babitska,1954/04/01,,Ukraina,544
829,rec-545-org,ihor,,popova,1972/01/14,,Ukraina,545
830,rec-546-dup-0,iwan,stanisława,tarabenko,1966/08/06,,Ukraina,546
831,rec-546-org,ivan,,taranenko,1966/08/06,,Ukraina,546
832,rec-547-org,neonila,,malovana,2000/02/15,,Ukraina,547
833,rec-548-org,liliia,,mariuk,2002/05/02,,Ukraina,548
834,rec-549-org,andrii,,shuliakova,1993/06/13,,Ukraina,549
835,rec-550-org,vadym,,verovenko,1989/06/17,,Ukraina,550
836,rec-551-dup-0,alisia,roman,grytsehko,2009/08/23,,Ukraina,551
837,rec-551-org,alisa,,grytsenko,2009/08/23,,Ukraina,551
838,rec-552-org,sergii,,kovalenko,2015/07/03,,Ukraina,552
839,rec-552-dup-0,serhii,fedir,kovalenko,2051/07/03,,Ukraina,552
840,rec-553-org,oleksandr,,honcharov,1965/05/03,,Ukraina,553
841,rec-554-org,daniil,,dranik,1975/04/15,,Ukraina,554
842,rec-555-org,yurii,,iliushchenko,1995/03/02,,Ukraina,555
843,rec-556-org,lidiia,,tkachenko,2000/10/07,,Ukraina,556
844,rec-557-org,svitlana,,chernenko,1968/01/16,,Ukraina,557
845,rec-558-org,andrii,,malanych,2000/03/14,,Ukraina,558
846,rec-558-dup-0,andrij,borys,malanycy,2000/03/14,,Ukraina,558
847,rec-558-dup-1,andżej,raisa,maoanych,2000/03/14,,Ukraina,558
848,rec-559-org,sofiia,,huliaieva,1991/05/28,,Ukraina,559
849,rec-560-org,mykhailo,,lokotosh,1947/01/02,,Ukraina,560
850,rec-561-org,halyna,,ivanishyna,2015/04/26,,Ukraina,561
851,rec-562-org,liliia,,matvieienko,1981/01/20,,Ukraina,562
852,rec-563-dup-0,igor,petro,sovhut,1977/08/01,,Ukraina,563
853,rec-563-org,ihor,,kovalchuk,1977/08/01,,Ukraina,563
854,rec-564-org,andriy,,karetnikova,1987/07/05,,Ukraina,564
855,rec-565-org,ihor,,sichko,2020/03/11,,Ukraina,565
856,rec-565-dup-0,ihor,stanisław,sidhko,2002/03/11,,Ukraina,565
857,rec-565-dup-1,igor,bohdan,xichko,2020/03/11,,Ukraina,565
858,rec-566-dup-1,anatolli,petro,kobernhk,1990/05/16,,Ukraina,566
859,rec-566-dup-0,anatooii,,koberbyk,1909/05/16,,Ukraina,566
860,rec-566-org,anatolii,,kobernyk,1990/05/16,,Ukraina,566
861,rec-567-org,zlata,,keivan,1981/06/14,,Ukraina,567
862,rec-568-org,valeriia,,parfentieva,1997/10/17,,Ukraina,568
863,rec-569-dup-1,yuliia,bohdana,bovd6r,2080/12/30,,Ukraina,569
864,rec-569-dup-0,yuliya,tamara,bovdyr,2080/12/30,,Ukraina,569
865,rec-569-org,yuliia,,bovdyr,2008/12/30,,Ukraina,569
866,rec-570-org,anastasiya,,makohonenko,2011/08/10,,Ukraina,570
867,rec-571-org,kiril,,shvorak,1966/01/06,,Ukraina,571
868,rec-571-dup-0,oleksenko,maksym,syshchyk,1966/01/06,,Ukraina,571
869,rec-572-org,mykhailo,,liulchuk,1999/06/25,,Ukraina,572
870,rec-572-dup-0,mykhaylo,maksym,liulchyk,1999/06/25,,Ukraina,572
871,rec-573-org,valeriia,,petrashchuk,1982/03/21,,Ukraina,573
872,rec-574-org,volodymyr,,lysa,1973/03/17,,Ukraina,574
873,rec-575-org,valentyn,,trofymchuk,2016/06/02,,Ukraina,575
874,rec-576-org,volodymyr,,polishchuk,1982/08/02,,Ukraina,576
875,rec-577-org,yevhenii,,pryharska,1974/08/16,,Ukraina,577
876,rec-578-org,artem,,vozniak,1993/02/12,,Ukraina,578
877,rec-579-org,mykhailo,,halkina,1998/05/06,,Ukraina,579
878,rec-580-org,ivan,,shenheliia,1995/08/23,,Ukraina,580
879,rec-581-org,kira,,hlyniana,1991/02/14,,Ukraina,581
880,rec-582-org,valerii,,shumakova,1999/11/24,,Ukraina,582
881,rec-583-org,oleksandr,,sukhatska,1981/10/21,,Ukraina,583
882,rec-584-org,halyna,,ushakov,2008/06/23,,Ukraina,584
883,rec-585-org,sofiia,,kozak,2012/05/29,,Ukraina,585
884,rec-586-org,alla,,filiarovskyi,1976/04/10,,Ukraina,586
885,rec-586-dup-0,ałła,maksym,filiarovskyi,1967/04/10,,Ukraina,586
886,rec-587-dup-0,hałyna,nazar,nahirniak,2001/10/02,,Ukraina,587
887,rec-587-org,halyna,,boichuk,2001/10/02,,Ukraina,587
888,rec-587-dup-1,hałyna,fedir,bojczuk,2001/10/02,,Ukraina,587
889,rec-588-org,tetiana,,barchuk,1975/12/03,,Ukraina,588
890,rec-589-org,andrii,,mamoshyna,2000/12/25,,Ukraina,589
891,rec-589-dup-0,leonid,ostap,mamosnyna,2000/12/25,,Ukraina,589
892,rec-589-dup-1,leonid,petro,mamoshyha,2000/12/25,,Ukraina,589
893,rec-590-org,ivanna,,prus,1975/04/10,,Ukraina,590
894,rec-591-org,iryna,,kachula,1970/02/07,,Ukraina,591
895,rec-592-org,ihor,,kravchenko,1988/08/17,,Ukraina,592
896,rec-593-org,valentyna,,koretskyi,1986/03/09,,Ukraina,593
897,rec-594-org,valentyna,,kuznetsov,2012/05/19,,Ukraina,594
898,rec-595-dup-1,natalya,bohdan,sobiesiak,2000/10/05,,Ukraina,595
899,rec-595-org,nataliia,,shevchuk,2000/10/05,,Ukraina,595
900,rec-595-dup-0,nataly,bohdan,shevczuk,2000/10/05,,Ukraina,595
901,rec-596-dup-0,,,prln,1968/03/24,,Ukraina,596
902,rec-596-org,oksana,,pron,1986/03/24,,Ukraina,596
903,rec-597-dup-1,,,mikh9eieva,1998/01/24,,Ukraina,597
904,rec-597-org,oksana,,mikhieieva,1989/01/24,,Ukraina,597
905,rec-597-dup-0,oksana,,mikh8eieva,1998/01/24,2464011.0,Ukraina,597
906,rec-598-org,mariia,,stashuk,1995/06/01,,Ukraina,598
907,rec-599-org,stanislav,,fesiuk,1971/01/24,,Ukraina,599
908,rec-600-org,sofia,,kukharets,2015/06/16,,Ukraina,600
909,rec-601-org,sofiia,,ivanytska,1963/02/08,,Ukraina,601
910,rec-602-org,serhii,,telychko,1998/06/10,,Ukraina,602
911,rec-603-org,iryna,,bulana,1991/11/03,,Ukraina,603
912,rec-604-dup-1,,,mykhalsk7i,1965/06/03,,Ukraina,604
913,rec-604-org,roman,,mykhalskyi,1956/06/03,,Ukraina,604
914,rec-604-dup-0,,,mykhalwkyi,1965/06/03,,Ukraina,604
915,rec-605-org,liudmyla,,kniaz,1952/04/19,,Ukraina,605
916,rec-606-org,oleg,,stepovana,1997/02/20,,Ukraina,606
917,rec-607-org,svitlana,,nedilska,1997/11/30,,Ukraina,607
918,rec-608-org,mykola,,shevchuk,1985/04/24,,Ukraina,608
919,rec-609-org,vasyl,,rakochyi,2003/02/15,,Ukraina,609
920,rec-610-org,viacheslav,,hyshka,1983/04/23,,Ukraina,610
921,rec-611-dup-0,włodzimierz,,karnafwl,1976/12/31,,Ukraina,611
922,rec-611-org,volodymyr,,karnafel,1967/12/31,,Ukraina,611
923,rec-612-org,andrii,,diachynskyi,2005/04/18,,Ukraina,612
924,rec-613-dup-0,jana,raisa,valiiev,1908/05/06,,Ukraina,613
925,rec-613-org,yana,,valiiev,1980/05/06,,Ukraina,613
926,rec-613-dup-1,iana,maryna,valiieg,1980/05/06,,Ukraina,613
927,rec-614-org,inna,,izvarina,1971/08/15,,Ukraina,614
928,rec-615-org,vasyl,,pryshliak,1994/02/15,,Ukraina,615
929,rec-615-dup-1,vasyly,,pryshliaj,1949/02/15,,Ukraina,615
930,rec-615-dup-0,wasyl,,pryshliai,1949/02/15,,Ukraina,615
931,rec-616-org,valentyna,,yatsyshyna,1975/02/24,,Ukraina,616
932,rec-617-dup-0,halyna,nina,sifak,1908/07/04,,Ukraina,617
933,rec-617-org,halyna,,sivak,1980/07/04,,Ukraina,617
934,rec-618-org,anna,,kirichenko,2017/07/24,,Ukraina,618
935,rec-619-org,iana,,kononenko,1973/10/14,,Ukraina,619
936,rec-619-dup-0,yana,stepan,konopka,1973/10/14,,Ukraina,619
937,rec-620-org,kateryna,,kulish,1969/12/08,,Ukraina,620
938,rec-621-org,yaroslav,,bykova,2014/09/02,,Ukraina,621
939,rec-622-dup-1,wiktoria,stepan,michalczyk,1973/07/02,,Ukraina,622
940,rec-622-org,viktoriia,,melnyk,1973/07/02,,Ukraina,622
941,rec-622-dup-0,viktoriiz,maryna,melnyk,1937/07/02,,Ukraina,622
942,rec-623-org,serafyma,,bovsunivskyi,1996/12/05,,Ukraina,623
943,rec-624-org,sofiia,,lyshniak,2014/08/15,,Ukraina,624
944,rec-624-dup-0,sofiya,nina,lyshniak,2041/08/15,,Ukraina,624
945,rec-624-dup-1,sofija,stanisław,ltshniak,2014/08/15,,Ukraina,624
946,rec-625-dup-0,,maryna,kowalowa,1963/01/06,,Ukraina,625
947,rec-625-org,oksana,,kovalova,1963/01/06,,Ukraina,625
948,rec-626-org,mykhailo,,malanchuk,2016/10/22,,Ukraina,626
949,rec-626-dup-0,mykha9lo,,malanchyk,2061/10/22,,Ukraina,626
950,rec-627-dup-0,yana,nazar,kuryoko,1974/02/15,,Ukraina,627
951,rec-627-org,iana,,kurylko,1974/02/15,,Ukraina,627
952,rec-628-dup-1,andżej,bohdan,shkodycn,1987/09/21,1261029.0,Ukraina,628
953,rec-628-dup-0,andriy,,shkodydh,1978/09/21,1261029.0,Ukraina,628
954,rec-628-org,andrii,,shkodych,1987/09/21,1261029.0,Ukraina,628
955,rec-629-org,antonii,,shevchuk,1968/09/22,,Ukraina,629
956,rec-630-org,anastasiia,,studzinskyi,2004/12/29,,Ukraina,630
957,rec-631-org,vitalii,,koptieva,1991/05/10,,Ukraina,631
958,rec-632-org,mariia,,nahorniuk,1966/07/25,,Ukraina,632
959,rec-633-org,inna,,yevtushenko,1986/10/23,,Ukraina,633
960,rec-634-dup-1,yevhsn,nina,leheta,2031/07/27,,Ukraina,634
961,rec-634-dup-0,yevhen,bohdana,lejeta,2031/07/27,,Ukraina,634
962,rec-634-org,yevhen,,leheta,2013/07/27,,Ukraina,634
963,rec-635-org,halyna,,slyva,1986/12/10,,Ukraina,635
964,rec-636-org,mariia,,stasiuk,2011/10/18,,Ukraina,636
965,rec-637-org,ivan,,zatvarnytska,1966/09/05,,Ukraina,637
966,rec-637-dup-0,jan,petro,zatvarnytsia,1966/09/05,,Ukraina,637
967,rec-638-org,tamara,,fediuk,1986/05/14,1863011.0,Ukraina,638
968,rec-639-org,oleksandr,,savichev,1959/04/24,,Ukraina,639
969,rec-640-dup-0,władysław,inna,kuzmon,2000/07/28,,Ukraina,640
970,rec-640-org,vladyslav,,kuzmin,2000/07/28,,Ukraina,640
971,rec-641-dup-0,weronika,nazar,khmara,2001/11/30,,Ukraina,641
972,rec-641-org,veronika,,khmara,2010/11/30,,Ukraina,641
973,rec-642-org,viktoriia,,bohaichuk,1988/01/07,,Ukraina,642
974,rec-643-dup-0,nataly,,pavlyuk,2070/03/30,,Ukraina,643
975,rec-643-org,nataliia,,pavliuk,2007/03/30,,Ukraina,643
976,rec-644-org,olga,,frolin,1980/02/28,,Ukraina,644
977,rec-645-dup-1,waleria,taras,lukash,1946/05/27,,Ukraina,645
978,rec-645-dup-0,waleria,roman,petrova,1964/05/27,,Ukraina,645
979,rec-645-org,valeriia,,petrova,1946/05/27,,Ukraina,645
980,rec-646-org,stanislav,,bondaruk,2008/06/03,,Ukraina,646
981,rec-646-dup-0,stanisław,maksym,boncaruk,2008/06/03,,Ukraina,646
982,rec-647-org,mykola,,voskoboinyk,1991/11/13,,Ukraina,647
983,rec-647-dup-0,verbylo,borys,voskoboibyk,1991/11/13,,Ukraina,647
984,rec-647-dup-1,mykoka,,vosk9boinyk,1919/11/13,,Ukraina,647
985,rec-648-org,vladlen,,shestopalov,1973/06/04,1661011.0,Ukraina,648
986,rec-649-dup-1,pawlo,stanisław,halyshyn,2008/05/20,,Ukraina,649
987,rec-649-dup-0,pawlo,denys,halyshyn,2008/05/20,,Ukraina,649
988,rec-649-org,pavlo,,chumak,2008/05/20,,Ukraina,649
989,rec-650-org,hanna,,hurova,1992/03/31,,Ukraina,650
990,rec-650-dup-0,hanna,lubomir,hurofa,1992/03/31,2403105.0,Ukraina,650
991,rec-650-dup-1,hanna-mariia,bożena,hurovq,1992/03/31,,Ukraina,650
992,rec-651-org,tetiana,,serikova,1984/11/23,,Ukraina,651
993,rec-651-dup-0,tietiana,petro,serikovs,1984/11/23,,Ukraina,651
994,rec-651-dup-1,tetiana,stanisław,serokova,1948/11/23,,Ukraina,651
995,rec-652-org,illia,,yatsenko,1974/10/04,,Ukraina,652
996,rec-652-dup-0,jelia,taras,yatsenjo,1974/10/04,,Ukraina,652
997,rec-653-org,olena,,kozakova,1985/02/19,,Ukraina,653
998,rec-654-org,hlib,,stefaniak,2006/12/28,,Ukraina,654
999,rec-655-org,daryna,,chyzhevskyi,1999/12/03,,Ukraina,655
1000,rec-655-dup-0,daryns,inna,chyzhevwkyi,1999/12/03,,Ukraina,655
1001,rec-656-org,nikita,,pesotskyi,1988/06/10,,Ukraina,656
1002,rec-657-org,kyrylo,,hordiienko,1972/03/26,,Ukraina,657
1003,rec-658-org,oleksandr,,filshyn,1960/08/29,,Ukraina,658
1004,rec-659-org,mariia,,zanyk,1984/11/05,,Ukraina,659
1005,rec-660-org,valentyna,,dobrovolska,2017/02/12,,Ukraina,660
1006,rec-661-org,dana,,liubun,1977/06/05,,Ukraina,661
1007,rec-661-dup-1,bogdana,orest,liunun,1977/06/05,,Ukraina,661
1008,rec-661-dup-0,bogdana,oksana,liunun,1977/06/05,,Ukraina,661
1009,rec-662-org,mariia,,svitlychna,2010/01/15,,Ukraina,662
1010,rec-663-org,anna,,marmazynskyi,1977/02/07,,Ukraina,663
1011,rec-664-org,kyrylo,,lepetun,1971/04/23,,Ukraina,664
1012,rec-665-org,albina,,hutnyk,1988/05/20,,Ukraina,665
1013,rec-666-org,volodymyr,,baziv,2000/07/28,,Ukraina,666
1014,rec-667-org,roman,,baiush,2022/04/29,,Ukraina,667
1015,rec-668-org,yuliia,,lysa,1976/02/11,,Ukraina,668
1016,rec-668-dup-0,yuliya,,lyda,1967/02/11,,Ukraina,668
1017,rec-669-org,oleksandr,,rubel,2005/11/23,,Ukraina,669
1018,rec-669-dup-1,olesander,bożena,rubeo,2005/11/23,,Ukraina,669
1019,rec-669-dup-0,oleskandr,tamara,ruvel,2005/11/23,,Ukraina,669
1020,rec-670-org,maryna,,bulyk,1991/01/29,,Ukraina,670
1021,rec-671-org,iryna,,veretennyk,2015/08/11,,Ukraina,671
1022,rec-672-org,karolina,,horishniak,2015/07/04,,Ukraina,672
1023,rec-673-org,svitlana,,shvets,1992/02/28,,Ukraina,673
1024,rec-674-org,viacheslav,,popova,1972/01/01,,Ukraina,674
1025,rec-675-org,tetiana,,denysenko,1983/07/12,,Ukraina,675
1026,rec-676-org,oksana,,maikova,2000/03/03,461011.0,Ukraina,676
1027,rec-677-org,lesia,,romashov,1997/04/22,,Ukraina,677
1028,rec-678-org,ruslan,,huk,1997/06/25,,Ukraina,678
1029,rec-679-org,maksym,,andrushchakevych,1975/04/22,,Ukraina,679
1030,rec-680-org,diana,,musiurka,2002/05/03,,Ukraina,680
1031,rec-680-dup-0,djana,tamara,musiurka,2020/05/03,,Ukraina,680
1032,rec-680-dup-1,olha,artem,musiurka,2002/05/03,2063011.0,Ukraina,680
1033,rec-681-org,sofiia,,karasyk,1988/03/07,,Ukraina,681
1034,rec-682-org,yuliia,,kovach,1977/09/28,,Ukraina,682
1035,rec-682-dup-0,yulyia,orest,kovacy,1977/09/28,,Ukraina,682
1036,rec-683-org,inna,,reva,2002/08/13,,Ukraina,683
1037,rec-684-org,mariia,,sokirko,1983/08/06,,Ukraina,684
1038,rec-685-org,mariia,,seredenko,1980/07/01,,Ukraina,685
1039,rec-685-dup-0,markia,,seredenkp,1908/07/01,,Ukraina,685
1040,rec-686-org,anzhela,,ilchenko,1982/01/02,,Ukraina,686
1041,rec-687-org,denys,,klotsko,2016/03/12,,Ukraina,687
1042,rec-688-org,oksana,,myrhorodska,2020/01/07,,Ukraina,688
1043,rec-689-org,alina,,kovalko,2017/09/19,,Ukraina,689
1044,rec-690-dup-0,urbanska,,tkahuk,2091/05/24,,Ukraina,690
1045,rec-690-org,anastasiia,,tkachuk,2019/05/24,,Ukraina,690
1046,rec-691-org,tetiana,,frits,1992/03/21,,Ukraina,691
1047,rec-691-dup-0,tetyana,borys,fritx,1992/03/21,,Ukraina,691
1048,rec-691-dup-1,taciana,bohdana,fritx,1992/03/21,,Ukraina,691
1049,rec-692-org,mariia,,osiichuk,2002/02/27,,Ukraina,692
1050,rec-693-org,galina,,stelmakh,1960/03/29,,Ukraina,693
1051,rec-693-dup-0,halyna,,sorohina,1906/03/29,,Ukraina,693
1052,rec-694-org,andrii,,seper,1991/09/02,3262011.0,Ukraina,694
1053,rec-695-org,sofiia,,tsybulko,2002/01/03,,Ukraina,695
1054,rec-695-dup-0,sofiia,ostap,tsybylko,2020/01/03,,Ukraina,695
1055,rec-696-org,alim,,shcherban,2005/11/12,,Ukraina,696
1056,rec-697-org,viktor,,polishchuk,1988/12/04,,Ukraina,697
1057,rec-698-org,tetiana,,tselikova,1985/02/05,,Ukraina,698
1058,rec-699-org,pavlo,,pishchanskyi,2010/09/28,,Ukraina,699
1059,rec-700-org,ostap,,hasynets,2003/01/15,,Ukraina,700
1060,rec-701-dup-0,maryna,dmytro,sandulova,1939/08/28,,Ukraina,701
1061,rec-701-org,maryna,,okhrimenko,1993/08/28,,Ukraina,701
1062,rec-702-org,malvina,,bodnarchuk,2017/06/10,,Ukraina,702
1063,rec-702-dup-0,malvins,anna,bodnsrchuk,2017/06/10,,Ukraina,702
1064,rec-703-org,yurii,,petrova,1991/11/23,,Ukraina,703
1065,rec-704-org,maksym,,kalyta,1993/09/30,,Ukraina,704
1066,rec-705-org,alina,,maslii,2020/04/13,,Ukraina,705
1067,rec-705-dup-0,oleksandra,fedir,masoii,2020/04/13,,Ukraina,705
1068,rec-706-dup-1,serhij,raisa,kofchova,2010/08/16,,Ukraina,706
1069,rec-706-org,serhii,,korchova,2010/08/16,,Ukraina,706
1070,rec-706-dup-0,serhiy,dmytro,korvhova,2010/08/16,,Ukraina,706
1071,rec-707-org,tymofii,,harkushyn,1977/06/22,,Ukraina,707
1072,rec-708-org,valentyna,,synchuk,1984/03/01,,Ukraina,708
1073,rec-709-org,sofiia,,banasko,1991/08/27,,Ukraina,709
1074,rec-710-org,oleg,,morozova,1995/11/21,,Ukraina,710
1075,rec-711-org,nataliia,,hresko,1970/08/06,,Ukraina,711
1076,rec-711-dup-0,nataliy,ostap,hresko,1907/08/06,,Ukraina,711
1077,rec-712-org,ivan,,halko,1987/01/20,,Ukraina,712
1078,rec-713-dup-0,wiktor,,koreuba,2081/03/06,,Ukraina,713
1079,rec-713-org,viktor,,koreiba,2018/03/06,,Ukraina,713
1080,rec-714-org,nataliia,,stoianov,2010/01/20,,Ukraina,714
1081,rec-715-org,dominik,,shvets,1962/05/30,2464011.0,Ukraina,715
1082,rec-715-dup-0,dokinik,jarosław,zaporozhets,1962/05/30,2464011.0,Ukraina,715
1083,rec-715-dup-1,domibik,oksana,turyk,1962/05/30,2464011.0,Ukraina,715
1084,rec-716-org,vasyl,,yakovyshyn,1972/09/19,,Ukraina,716
1085,rec-717-org,mykyta,,lobus,1989/06/01,,Ukraina,717
1086,rec-717-dup-1,mikita,raisa,lobus,1998/06/01,,Ukraina,717
1087,rec-717-dup-0,mykyta,nina,lob8s,1998/06/01,,Ukraina,717
1088,rec-718-org,ihor,,lobanova,1990/08/28,,Ukraina,718
1089,rec-719-org,serhii,,matusiak,2017/12/01,,Ukraina,719
1090,rec-720-org,volodymyr,,sukach,1998/03/06,,Ukraina,720
1091,rec-721-org,andrii,,valkova,2016/06/14,,Ukraina,721
1092,rec-722-org,roman,,kotsun,1957/11/25,,Ukraina,722
1093,rec-723-org,iryna,,ravlo,2008/02/28,,Ukraina,723
1094,rec-724-org,vitalii,,novokhatska,2005/03/20,,Ukraina,724
1095,rec-725-dup-0,mirosława,ostap,melnik,1999/09/09,,Ukraina,725
1096,rec-725-org,myroslava,,melnyk,1999/09/09,,Ukraina,725
1097,rec-726-org,olha,,rotar,2018/11/21,,Ukraina,726
1098,rec-727-org,nataliia,,korieniev,1979/01/01,,Ukraina,727
1099,rec-728-org,dmytro,,horobets,1997/02/03,,Ukraina,728
1100,rec-728-dup-0,,taras,gorobets,1997/02/03,,Ukraina,728
1101,rec-729-dup-0,miia,anton,kutstbala,2061/12/02,,Ukraina,729
1102,rec-729-org,miia,,kutsybala,2016/12/02,,Ukraina,729
1103,rec-730-org,stepan,,vasylkov,1998/10/02,,Ukraina,730
1104,rec-731-dup-1,katrina,lubomir,onufriichuk,1982/04/29,,Ukraina,731
1105,rec-731-org,kateryna,,kozachenko,1982/04/29,,Ukraina,731
1106,rec-731-dup-0,katrina,stanisław,kozachenko,1928/04/29,,Ukraina,731
1107,rec-732-org,uliana,,gutsaliuk,1982/01/16,,Ukraina,732
1108,rec-733-org,nataliia,,ostapchuk,1979/08/14,,Ukraina,733
1109,rec-734-org,vitalii,,andrusiak,2010/08/15,,Ukraina,734
1110,rec-735-org,hennadii,,korenivskyi,1976/08/05,,Ukraina,735
1111,rec-736-dup-0,tetiana,tamara,lazurenmo,2080/08/01,,Ukraina,736
1112,rec-736-org,tetiana,,lazurenko,2008/08/01,,Ukraina,736
1113,rec-737-org,nataliia,,bondarenko,2013/11/25,1261049.0,Ukraina,737
1114,rec-738-org,anna,,kosynska,1986/01/06,,Ukraina,738
1115,rec-738-dup-0,anna,stanisław,kosymska,1968/01/06,,Ukraina,738
1116,rec-738-dup-1,anna-viktoriia,anna,kodynska,1986/01/06,,Ukraina,738
1117,rec-739-org,inna,,prysiazhniuk,1986/02/16,,Ukraina,739
1118,rec-740-dup-1,vitoria,ustym,hershuj,1996/05/30,,Ukraina,740
1119,rec-740-dup-0,viktoriia,roman,hershjn,1969/05/30,,Ukraina,740
1120,rec-740-org,viktoriia,,hershun,1996/05/30,,Ukraina,740
1121,rec-741-org,yevhenii,,kozhukhar,2020/01/21,,Ukraina,741
1122,rec-742-org,arsenii,,kovalov,1997/01/01,,Ukraina,742
1123,rec-743-dup-0,mykha9lo,,bezbakh,2001/05/25,,Ukraina,743
1124,rec-743-org,mykhailo,,kukhar,2010/05/25,,Ukraina,743
1125,rec-744-org,kateryna,,pleshkov,1977/10/06,,Ukraina,744
1126,rec-745-org,oleksandr,,bezvershenko,1973/07/01,,Ukraina,745
1127,rec-746-org,dariia,,hirchak,1983/11/02,,Ukraina,746
1128,rec-747-org,yuliia,,mandryk,1979/07/17,,Ukraina,747
1129,rec-748-org,svitlana,,sokol,1990/08/09,,Ukraina,748
1130,rec-749-org,varvara,,mykhailenko,1971/12/06,,Ukraina,749
1131,rec-750-dup-1,stanisław,inna,pasieka,1968/01/19,,Ukraina,750
1132,rec-750-org,stanislav,,pasieka,1986/01/19,,Ukraina,750
1133,rec-750-dup-0,stanisław,ustym,pasieka,1968/01/19,,Ukraina,750
1134,rec-751-org,olena,,maliutina,2020/07/15,,Ukraina,751
1135,rec-752-org,ruslan,,kosovan,1977/10/03,,Ukraina,752
1136,rec-752-dup-0,rusłan,stanisława,kosogan,1977/10/03,,Ukraina,752
1137,rec-753-org,nataliia,,sydorenko,1979/04/02,,Ukraina,753
1138,rec-754-org,ivan,,sashchuk,1983/05/16,,Ukraina,754
1139,rec-755-org,iryna,,yakymets,1999/03/12,,Ukraina,755
1140,rec-756-org,vadym,,kryvenko,1978/07/20,,Ukraina,756
1141,rec-757-org,sofija,,horoshko,2020/10/13,,Ukraina,757
1142,rec-758-org,ivanna,,dzygar,1978/03/19,,Ukraina,758
1143,rec-759-org,konstantyn,,antoniuk,1987/10/22,,Ukraina,759
1144,rec-760-org,svitlana,,krat,1968/06/21,,Ukraina,760
1145,rec-760-dup-0,swietłana,,krar,1986/06/21,,Ukraina,760
1146,rec-760-dup-1,svitlana,bohdan,krzt,1986/06/21,,Ukraina,760
1147,rec-761-org,serhii,,pidopryhora,1981/04/10,,Ukraina,761
1148,rec-761-dup-0,serhiy,,pidopryhorw,1981/04/10,1465011.0,Ukraina,761
1149,rec-762-org,inna,,pustovit,2004/11/18,,Ukraina,762
1150,rec-763-org,daria,,mizernyi,1993/04/24,,Ukraina,763
1151,rec-764-org,yevgenii,,malonko,1994/05/02,,Ukraina,764
1152,rec-765-org,oleksii,,bolotina,2012/06/16,,Ukraina,765
1153,rec-766-org,oleksandr,,narodova,1980/07/11,,Ukraina,766
1154,rec-767-dup-0,mariia,,tkach-kopacz,1909/05/07,,Ukraina,767
1155,rec-767-org,mariia,,tkach,1990/05/07,1610025.0,Ukraina,767
1156,rec-768-org,volodymyr,,olshevska,2012/02/09,,Ukraina,768
1157,rec-769-org,hanna,,rohotska,1988/10/10,,Ukraina,769
1158,rec-769-dup-0,hanna-mariia,dmytro,rohotsla,1988/10/10,,Ukraina,769
1159,rec-770-dup-1,vasyly,,starczewska,1927/07/29,,Ukraina,770
1160,rec-770-dup-0,vasyly,raisa,khona,1972/07/29,,Ukraina,770
1161,rec-770-org,vasyl,,khoma,1972/07/29,,Ukraina,770
1162,rec-771-org,ihor,,kashuba,1993/05/02,,Ukraina,771
1163,rec-772-org,danyil,,shyshkova,2014/03/06,,Ukraina,772
1164,rec-773-org,sofiia,,dvorska,1991/11/16,,Ukraina,773
1165,rec-774-org,volodymyr,,kovalchuk,1999/04/23,,Ukraina,774
1166,rec-775-org,evelina,,myshchyshyn,2009/02/12,,Ukraina,775
1167,rec-776-org,ihor,,hryb,1988/06/03,,Ukraina,776
1168,rec-777-org,maksym,,hrekova,2014/10/26,,Ukraina,777
1169,rec-778-org,olena,,kurtiak,1995/09/07,,Ukraina,778
1170,rec-778-dup-0,ołena,,kuryiak,1959/09/07,,Ukraina,778
1171,rec-779-org,ivan,,melashchenko,1988/02/08,,Ukraina,779
1172,rec-780-org,andrii,,maikut,1988/05/09,,Ukraina,780
1173,rec-781-org,svitlana,,shtanhret,1976/05/12,,Ukraina,781
1174,rec-782-org,tetyana,,artemenko,1979/08/16,,Ukraina,782
1175,rec-783-org,mykyta,,kravtsov,1997/10/16,,Ukraina,783
1176,rec-784-org,anton,,dyka,2004/03/07,,Ukraina,784
1177,rec-784-dup-0,,roman,dyks,2004/03/07,,Ukraina,784
1178,rec-785-org,svitlana,,prus,1994/06/15,3215034.0,Ukraina,785
1179,rec-786-org,yurii,,lepekha,1989/07/05,,Ukraina,786
1180,rec-787-org,mykhaylo,,vasiukhno,1980/11/15,,Ukraina,787
1181,rec-788-org,anna,,yershova,2003/07/30,,Ukraina,788
1182,rec-788-dup-0,anna,tamara,yershoca,2030/07/30,,Ukraina,788
1183,rec-789-org,serhii,,nikel,1995/11/17,,Ukraina,789
1184,rec-790-org,serhii,,sylenko,1975/01/29,,Ukraina,790
1185,rec-791-dup-1,witalij,bożena,kuihtina,1996/04/07,,Ukraina,791
1186,rec-791-dup-0,viyaliy,,kukhtkna,1969/04/07,,Ukraina,791
1187,rec-791-org,vitaliy,,kukhtina,1996/04/07,,Ukraina,791
1188,rec-792-org,vladyslav,,rossinska,1990/12/30,,Ukraina,792
1189,rec-792-dup-1,władysław,,rossinaka,1909/12/30,,Ukraina,792
1190,rec-792-dup-0,władysław,iwan,rossinzka,1990/12/30,,Ukraina,792
1191,rec-793-dup-0,walentyna,inna,filchajova,1964/02/23,,Ukraina,793
1192,rec-793-org,valentyna,,filchakova,1964/02/23,,Ukraina,793
1193,rec-793-dup-1,walentyna,bożena,filchak0va,1964/02/23,,Ukraina,793
1194,rec-794-org,maryna,,hrechykhina,1977/06/23,,Ukraina,794
1195,rec-795-org,maryna,,soltys,1981/06/24,,Ukraina,795
1196,rec-796-org,daria,,sharko,1976/01/20,,Ukraina,796
1197,rec-797-org,oleksandr,,kashuk,2001/03/05,,Ukraina,797
1198,rec-798-org,anna,,syzon,1991/09/07,,Ukraina,798
1199,rec-798-dup-1,ganna,,syzpn,1919/09/07,,Ukraina,798
1200,rec-798-dup-0,hanna,bohdan,syzpn,1991/09/07,,Ukraina,798
1201,rec-799-org,yevgen,,yakovyshyn,1981/02/19,,Ukraina,799
1202,rec-800-org,oleksandr,,bukalo,1986/10/16,,Ukraina,800
1203,rec-800-dup-0,oleskandr,,bulalo,1968/10/16,,Ukraina,800
1204,rec-801-dup-0,hennadij,iwan,pastukh,1919/09/07,,Ukraina,801
1205,rec-801-dup-1,hennadiy,nina,onishchuk,1991/09/07,,Ukraina,801
1206,rec-801-org,hennadii,,pastukh,1991/09/07,,Ukraina,801
1207,rec-802-org,alisa,,skybeniuk,2007/07/26,,Ukraina,802
1208,rec-803-dup-0,,,punkp,2050/02/09,,Ukraina,803
1209,rec-803-org,ostap,,punko,2005/02/09,,Ukraina,803
1210,rec-804-dup-0,olyga,,den4ha,1949/11/09,,Ukraina,804
1211,rec-804-org,olha,,deneha,1994/11/09,,Ukraina,804
1212,rec-804-dup-1,olyga,,ceneha,1949/11/09,,Ukraina,804
1213,rec-805-org,nadiia,,popovych,1970/06/21,,Ukraina,805
1214,rec-806-dup-1,olga,,lukyanova,2040/04/01,,Ukraina,806
1215,rec-806-org,olha,,lukianova,2004/04/01,,Ukraina,806
1216,rec-806-dup-0,olyga,jarosław,lukyanova,2004/04/01,,Ukraina,806
1217,rec-807-org,yaroslava,,myrhorodskyi,1972/09/20,,Ukraina,807
1218,rec-808-org,liana,,hirniak,1976/07/21,,Ukraina,808
1219,rec-809-org,andrii,,gladkykh,1998/11/26,,Ukraina,809
1220,rec-810-org,yuliia,,svizhevska,1993/10/25,,Ukraina,810
1221,rec-811-dup-0,oleskandr,ustym,ilqsh,1959/04/19,,Ukraina,811
1222,rec-811-org,oleksandr,,ilash,1959/04/19,,Ukraina,811
1223,rec-812-dup-1,ołena,dmytro,antoniuk,1969/05/01,3008022.0,Ukraina,812
1224,rec-812-dup-0,ołena,roman,volodymyr,1996/05/01,3008022.0,Ukraina,812
1225,rec-812-org,olena,,antoniuk,1996/05/01,3008022.0,Ukraina,812
1226,rec-813-org,karina,,horbach,2009/05/25,,Ukraina,813
1227,rec-814-org,kira,,bumbi,2015/11/15,,Ukraina,814
1228,rec-814-dup-0,ki4a,,bumbk,2051/11/15,,Ukraina,814
1229,rec-815-dup-0,andżej,anton,khorsun,1939/02/13,,Ukraina,815
1230,rec-815-org,andrii,,khorsun,1993/02/13,,Ukraina,815
1231,rec-816-dup-0,olha,ostap,dihyiar,1983/12/29,,Ukraina,816
1232,rec-816-org,olga,,dihtiar,1983/12/29,,Ukraina,816
1233,rec-816-dup-1,olha,,dihtia4,1938/12/29,,Ukraina,816
1234,rec-817-org,nina,,permiakov,1973/11/17,,Ukraina,817
1235,rec-817-dup-0,,,permiakiv,1937/11/17,,Ukraina,817
1236,rec-818-dup-0,ołena,bohdan,shykitja,2001/08/13,,Ukraina,818
1237,rec-818-org,olena,,shykitka,2001/08/13,,Ukraina,818
1238,rec-819-dup-0,mariya,iwan,artemcguk,1963/05/12,,Ukraina,819
1239,rec-819-dup-1,mriia,,artemchjk,1936/05/12,,Ukraina,819
1240,rec-819-org,mariia,,artemchuk,1963/05/12,,Ukraina,819
1241,rec-820-org,serhii,,kovaliuk,1975/09/04,,Ukraina,820
1242,rec-820-dup-0,stefan,petro,kovaoiuk,1975/09/04,,Ukraina,820
1243,rec-821-dup-1,marija,ustym,klimpv,1967/09/07,,Ukraina,821
1244,rec-821-org,mariya,,klimov,1967/09/07,,Ukraina,821
1245,rec-821-dup-0,mariia,,klinov,1976/09/07,,Ukraina,821
1246,rec-822-org,denys,,bolotnyi,2021/06/21,,Ukraina,822
1247,rec-823-dup-1,katrina,orest,bairan,1989/01/16,,Ukraina,823
1248,rec-823-org,kateryna,,baidan,1989/01/16,,Ukraina,823
1249,rec-823-dup-0,kataryna,antonina,baidan,1998/01/16,,Ukraina,823
1250,rec-824-org,tetiana,,artiukh,1971/10/13,,Ukraina,824
1251,rec-825-org,diana,,rivchak,1960/05/13,,Ukraina,825
1252,rec-826-org,irina,,shved,1996/05/13,,Ukraina,826
1253,rec-827-org,yevhen,,rohiv,2008/06/24,,Ukraina,827
1254,rec-828-org,olena,,panchuk,1989/05/05,,Ukraina,828
1255,rec-829-org,svitlana,,semykin,2006/10/19,,Ukraina,829
1256,rec-830-org,zoriana,,podhornyi,1986/04/02,,Ukraina,830
1257,rec-830-dup-1,zoriana,petro,podgorny,1968/04/02,,Ukraina,830
1258,rec-830-dup-0,zoryana,,podgorny,1968/04/02,,Ukraina,830
1259,rec-831-dup-0,rusłan,antonina,najmov,2009/04/28,,Ukraina,831
1260,rec-831-org,ruslan,,naumov,2009/04/28,,Ukraina,831
1261,rec-832-org,vira,,shvydka,1966/11/12,,Ukraina,832
1262,rec-833-org,olesia,,petryshyn,1967/03/26,,Ukraina,833
1263,rec-834-org,tetiana,,haman,1988/11/05,,Ukraina,834
1264,rec-835-org,yevheniia,,pototskyi,2006/06/16,,Ukraina,835
1265,rec-835-dup-0,yevheniya,,p9totskyi,2060/06/16,,Ukraina,835
1266,rec-835-dup-1,zbitniewa,bohdan,pototskyi,2060/06/16,,Ukraina,835
1267,rec-836-org,tiunde,,dovhoshyia,1983/07/04,,Ukraina,836
1268,rec-837-org,iryna,,mylianyk,1988/03/11,,Ukraina,837
1269,rec-838-dup-0,andrzej,lubomir,ieoizarova,2010/02/23,,Ukraina,838
1270,rec-838-org,andrii,,ielizarova,2010/02/23,,Ukraina,838
1271,rec-839-org,taras,,hrytsak,2006/07/03,,Ukraina,839
1272,rec-840-org,anhelina,,marynets,1969/10/30,,Ukraina,840
1273,rec-840-dup-0,anheliha,,maryhets,1996/10/30,,Ukraina,840
1274,rec-841-dup-1,oleksii,ostap,ostwpenko,1929/10/29,,Ukraina,841
1275,rec-841-dup-0,olexiy,anna,osta0enko,1992/10/29,,Ukraina,841
1276,rec-841-org,oleksii,,ostapenko,1992/10/29,,Ukraina,841
1277,rec-842-org,liudmyla,,pyrohov,1979/05/18,,Ukraina,842
1278,rec-843-org,nataliia,,lysiuk,2007/04/03,,Ukraina,843
1279,rec-844-org,yelyzaveta,,kapustina,1999/01/04,,Ukraina,844
1280,rec-845-dup-0,nataly,,tolmafh,1979/07/30,,Ukraina,845
1281,rec-845-org,nataliia,,tolmach,1997/07/30,,Ukraina,845
1282,rec-846-dup-0,dnytro,,tarakanoga,1969/08/14,,Ukraina,846
1283,rec-846-org,dmytro,,tarakanova,1996/08/14,,Ukraina,846
1284,rec-847-org,nina,,kuznichenko,2005/07/04,,Ukraina,847
1285,rec-848-org,denys,,petryshyn,1995/10/08,,Ukraina,848
1286,rec-848-dup-0,dejys,nazar,petrtshyn,1995/10/08,,Ukraina,848
1287,rec-849-org,irina,,ogorodnik,2004/06/01,,Ukraina,849
1288,rec-849-dup-1,iryna,borys,ogorodnii,2004/06/01,,Ukraina,849
1289,rec-849-dup-0,iryna,iwan,ovorodnik,2004/06/01,,Ukraina,849
1290,rec-850-org,polina,,korobova,1960/11/13,,Ukraina,850
1291,rec-851-org,sergii,,rudenko,2011/09/18,,Ukraina,851
1292,rec-851-dup-0,sergiusz,bożena,rudenko-baran,2011/09/18,,Ukraina,851
1293,rec-852-org,stanislav,,sliusar,1986/08/11,,Ukraina,852
1294,rec-853-org,oryna,,rudetska,2018/10/09,,Ukraina,853
1295,rec-854-org,oksana,,mudryk,2019/01/22,,Ukraina,854
1296,rec-855-dup-0,stefan,jarosław,alokbin,1980/09/05,,Ukraina,855
1297,rec-855-dup-1,stefan,taras,alokhon,1980/09/05,,Ukraina,855
1298,rec-855-org,serhii,,alokhin,1980/09/05,,Ukraina,855
1299,rec-856-dup-1,anna-viktoriia,fedir,sha5ov,1984/07/30,,Ukraina,856
1300,rec-856-dup-0,hanna,lubomir,xharov,1984/07/30,,Ukraina,856
1301,rec-856-org,anna,,sharov,1984/07/30,,Ukraina,856
1302,rec-857-org,daniel,,handzyuk,1959/02/22,,Ukraina,857
1303,rec-858-org,mykola,,krainyk,1992/03/30,,Ukraina,858
1304,rec-859-org,yevhen,,borsuk,2023/05/01,3027011.0,Ukraina,859
1305,rec-860-dup-0,bogdana,denys,tymoshevska,1961/07/09,,Ukraina,860
1306,rec-860-org,dana,,tymoshevska,1961/07/09,3011032.0,Ukraina,860
1307,rec-861-dup-0,nils,,buchynskhi,1928/03/16,,Ukraina,861
1308,rec-861-org,nila,,buchynskyi,1982/03/16,,Ukraina,861
1309,rec-861-dup-1,nils,roman,buchynskyi,1928/03/16,,Ukraina,861
1310,rec-862-org,petro,,stryzhak,1979/07/17,,Ukraina,862
1311,rec-863-org,orest,,pigur,1990/06/20,,Ukraina,863
1312,rec-864-dup-0,dariia,fedir,zoldak,1988/08/11,,Ukraina,864
1313,rec-864-org,daria,,bezhenar,1988/08/11,,Ukraina,864
1314,rec-865-org,sviatoslav,,yarovenko,2020/02/04,264039.0,Ukraina,865
1315,rec-866-org,hanna,,poltavtseva,1982/04/17,,Ukraina,866
1316,rec-867-org,oksana,,petrova,1979/01/26,,Ukraina,867
1317,rec-868-org,halyna,,krymova,2004/03/23,,Ukraina,868
1318,rec-869-org,olena,,chekhovskyi,2022/01/01,,Ukraina,869
1319,rec-870-org,daryna,,lukianchuk,1996/09/30,,Ukraina,870
1320,rec-870-dup-0,daryba,fedir,lukianchuk,1969/09/30,,Ukraina,870
1321,rec-870-dup-1,daryna,stanisława,lukjianchuk,1969/09/30,,Ukraina,870
1322,rec-871-org,melaniya,,vasyliev,1962/10/02,,Ukraina,871
1323,rec-872-org,varvara,,khlopeniuk,2008/09/01,,Ukraina,872
1324,rec-873-org,olena,,khomenko,1967/05/19,,Ukraina,873
1325,rec-874-org,yuliia,,shvedov,1989/03/25,,Ukraina,874
1326,rec-875-org,denys,,androshchuk,1968/01/08,,Ukraina,875
1327,rec-876-dup-0,marija,stepan,khyo,2000/04/15,,Ukraina,876
1328,rec-876-dup-1,mariia-mariana,anna,khyk,2000/04/15,,Ukraina,876
1329,rec-876-org,mariia,,khyl,2000/04/15,,Ukraina,876
1330,rec-877-org,anton,,bielik,2015/12/08,,Ukraina,877
1331,rec-878-org,fedir,,bahrin,1987/07/29,,Ukraina,878
1332,rec-879-org,artem,,lutsyk,1989/11/19,,Ukraina,879
1333,rec-880-org,eduard,,hurak,2021/02/17,,Ukraina,880
1334,rec-881-dup-1,verbylo,ostap,dumsn,1992/12/20,,Ukraina,881
1335,rec-881-dup-0,nikolai,,dumaj,1929/12/20,,Ukraina,881
1336,rec-881-org,mykola,,duman,1992/12/20,,Ukraina,881
1337,rec-882-org,oleh,,kalashnyk,2016/03/22,,Ukraina,882
1338,rec-883-org,oleksandr,,hentsar,1993/10/21,,Ukraina,883
1339,rec-884-org,nazarij,,shyshkin,1968/03/14,,Ukraina,884
1340,rec-885-org,nadiia,,medvediuk,1987/09/25,,Ukraina,885
1341,rec-886-dup-0,hanna-mariia,,malceva,1947/05/24,,Ukraina,886
1342,rec-886-org,hanna,,maltseva,1974/05/24,,Ukraina,886
1343,rec-887-org,iryna,,zhabin,2008/08/05,,Ukraina,887
1344,rec-888-org,weronika,,shvydka,2016/07/10,,Ukraina,888
1345,rec-889-org,vadym,,byba,1985/02/08,,Ukraina,889
1346,rec-889-dup-0,vadym,,ishchenko,1958/02/08,1432015.0,Ukraina,889
1347,rec-890-org,halyna,,marchenko,1988/08/09,,Ukraina,890
1348,rec-890-dup-0,hałyna,artem,mykhailova,1988/08/09,,Ukraina,890
1349,rec-890-dup-1,smysh,jarosław,marczenko,1988/08/09,,Ukraina,890
1350,rec-891-org,mykola,,kokoruz,1990/04/20,,Ukraina,891
1351,rec-892-org,anhelina,,hryhorivska,1987/11/07,,Ukraina,892
1352,rec-893-org,polina,,bortnik,1979/07/23,,Ukraina,893
1353,rec-893-dup-0,pol8na,petro,bortnik,1997/07/23,,Ukraina,893
1354,rec-893-dup-1,polins,ostap,bortmik,1979/07/23,,Ukraina,893
1355,rec-894-org,oleksandr,,andriichenko,2013/07/25,,Ukraina,894
1356,rec-895-org,oleksii,,semotiuk,2008/01/05,3262011.0,Ukraina,895
1357,rec-896-org,kateryna,,takhtai,2005/11/15,,Ukraina,896
1358,rec-897-org,emin,,zavalii,1994/10/11,614062.0,Ukraina,897
1359,rec-898-org,hanna,,tolkachov,1983/11/30,,Ukraina,898
1360,rec-898-dup-0,hanna-mariia,teodor,tolkachov,1938/11/30,,Ukraina,898
1361,rec-899-dup-0,witalij,bohdan,kukhar,2010/12/24,,Ukraina,899
1362,rec-899-org,vitalii,,kukhar,2001/12/24,,Ukraina,899
1363,rec-900-org,anzhelika,,davydiuk,1977/01/02,,Ukraina,900
1364,rec-901-org,anna,,yarko,1986/08/06,,Ukraina,901
1365,rec-902-org,marian,,kitsak,2009/04/09,,Ukraina,902
1366,rec-903-org,yuliia,,bielikova,2011/08/07,,Ukraina,903
1367,rec-904-org,inna,,bolhova,2005/03/07,,Ukraina,904
1368,rec-905-org,bohdan,,kuvitsa,1962/04/08,,Ukraina,905
1369,rec-906-dup-0,kateryna,antonina,bakhnat,2012/08/30,,Ukraina,906
1370,rec-906-dup-1,katrina,bożena,bakhmat,2012/08/30,,Ukraina,906
1371,rec-906-org,kateryna,,bakhmat,2021/08/30,,Ukraina,906
1372,rec-907-org,vita,,makarchuk,1999/04/22,,Ukraina,907
1373,rec-908-org,svitlana,,halko,1983/12/14,,Ukraina,908
1374,rec-909-org,vitalii,,knurenko,1987/05/18,,Ukraina,909
1375,rec-910-org,dmytro,,poloz,1960/06/02,,Ukraina,910
1376,rec-911-org,anastasia,,ostroverkh,1974/04/04,,Ukraina,911
1377,rec-912-org,yevhenii,,kovalchuk,2000/01/18,,Ukraina,912
1378,rec-913-org,oleksii,,cherniakov,1980/03/02,,Ukraina,913
1379,rec-914-org,oleksandra,,donets,2009/09/24,,Ukraina,914
1380,rec-915-dup-0,tymir,bohdana,hokik,1995/04/19,,Ukraina,915
1381,rec-915-dup-1,tymur,maksym,holkk,1959/04/19,,Ukraina,915
1382,rec-915-org,tymur,,holik,1995/04/19,,Ukraina,915
1383,rec-916-org,ihor,,shornikova,1995/10/12,,Ukraina,916
1384,rec-917-org,olena,,petrova,1980/05/23,,Ukraina,917
1385,rec-918-dup-0,larisa,orest,fedchejko,2004/09/11,,Ukraina,918
1386,rec-918-org,larysa,,fedchenko,2004/09/11,,Ukraina,918
1387,rec-919-org,daryna,,kolomiiets,2004/12/10,,Ukraina,919
1388,rec-919-dup-0,daryna,oksana,kravchuk,2040/12/10,,Ukraina,919
1389,rec-920-org,oleh,,poznakhovskyi,1984/06/22,,Ukraina,920
1390,rec-921-dup-0,,oksana,sobecka,1984/11/06,,Ukraina,921
1391,rec-921-org,stepan,,rudyk,1984/11/06,,Ukraina,921
1392,rec-922-org,viktor,,dluhosh,2015/02/03,,Ukraina,922
1393,rec-923-org,nataliia,,kovalchuk,1970/02/24,,Ukraina,923
1394,rec-924-org,viktoriia,,plakhtii,1973/03/18,,Ukraina,924
1395,rec-925-org,mykhailo,,pylypets,1999/08/26,,Ukraina,925
1396,rec-926-org,anastasiia,,sandulska,2014/09/28,,Ukraina,926
1397,rec-927-org,halyna,,rudyi,2005/04/21,,Ukraina,927
1398,rec-928-org,tetiana,,hrebeniuk,1985/06/26,,Ukraina,928
1399,rec-928-dup-1,tetiana,raisa,hrebeniuj,1958/06/26,,Ukraina,928
1400,rec-928-dup-0,tretiana,ustym,hrebeniuk,1958/06/26,,Ukraina,928
1401,rec-929-org,vladyslav,,fedoriak,2013/11/03,,Ukraina,929
1402,rec-930-org,oleksandr,,rozumii,1998/04/16,,Ukraina,930
1403,rec-931-org,iurii,,khodorenko,2003/01/26,,Ukraina,931
1404,rec-932-org,oleh,,vlasov,1991/11/01,,Ukraina,932
1405,rec-933-org,mykhailo,,stetsyk,2004/08/28,,Ukraina,933
1406,rec-933-dup-0,mykhaylo,nina,stetsyi,2004/08/28,,Ukraina,933
1407,rec-934-org,yana,,prokopiv,1975/07/24,,Ukraina,934
1408,rec-935-org,valentyn,,kravets,1976/07/05,,Ukraina,935
1409,rec-936-org,svitlana,,hlibko,2005/02/09,,Ukraina,936
1410,rec-937-org,vitalii,,demianiuk,1957/08/25,,Ukraina,937
1411,rec-938-org,maksim,,halakh,1985/04/09,1609042.0,Ukraina,938
1412,rec-939-org,serhii,,torkoniak,2000/05/20,,Ukraina,939
1413,rec-940-org,oleksandr,,lutsiuk,1974/09/26,,Ukraina,940
1414,rec-941-org,vita,,demianenko,1993/12/05,,Ukraina,941
1415,rec-942-org,bohdan,,maryshchenko,1986/02/08,,Ukraina,942
1416,rec-943-org,pavlo,,stankovych,1998/10/21,,Ukraina,943
1417,rec-943-dup-0,pavli,tamara,stsnkovych,1998/10/21,,Ukraina,943
1418,rec-944-org,sofiia,,sernych,1976/08/13,,Ukraina,944
1419,rec-944-dup-0,sofiya,bohdana,sernydh,1976/08/13,,Ukraina,944
1420,rec-945-org,julia,,protsyk,1996/04/28,,Ukraina,945
1421,rec-945-dup-1,julija,,protsuk,1969/04/28,,Ukraina,945
1422,rec-945-dup-0,yuliia,teodor,protsyk,1969/04/28,,Ukraina,945
1423,rec-946-org,halyna,,halushko,2001/05/22,,Ukraina,946
1424,rec-947-org,valentyna,,tsymbaliuk,1995/04/08,,Ukraina,947
1425,rec-948-org,yuliia,,dorofieiev,1993/03/22,,Ukraina,948
1426,rec-949-org,mykola,,yerokhin,1999/03/02,,Ukraina,949
1427,rec-950-org,svitlana,,taran,1987/06/01,,Ukraina,950
1428,rec-951-dup-0,,nina,kulisa,2004/06/19,,Ukraina,951
1429,rec-951-org,oksana,,kulida,2004/06/19,,Ukraina,951
1430,rec-952-org,ihor,,sikach,1962/01/09,,Ukraina,952
1431,rec-953-org,vladyslav,,berezhnyi,2009/03/20,,Ukraina,953
1432,rec-954-dup-1,mariia,stanisław,yamets,1998/08/06,,Ukraina,954
1433,rec-954-dup-0,mariia-mariana,bohdana,yemets,1998/08/06,,Ukraina,954
1434,rec-954-org,mariia,,yemets,1989/08/06,,Ukraina,954
1435,rec-955-dup-0,viacheslav,,shumsia,2041/12/08,1414011.0,Ukraina,955
1436,rec-955-org,viacheslav,,shumska,2014/12/08,,Ukraina,955
1437,rec-956-org,nadiia,,kravchenko,2019/10/30,,Ukraina,956
1438,rec-957-org,yuliia,,panimatchenko,1980/08/11,,Ukraina,957
1439,rec-957-dup-0,yuliya,stepan,panimatcjenko,1980/08/11,,Ukraina,957
1440,rec-957-dup-1,yuluia,stanisława,panimatchenko,1908/08/11,,Ukraina,957
1441,rec-958-org,volodymyr,,antoshkiv,1987/07/01,,Ukraina,958
1442,rec-959-org,olha,,borduliak,1985/10/12,,Ukraina,959
1443,rec-960-org,adelina,,hrebennyk,1970/12/14,,Ukraina,960
1444,rec-961-org,svitlana,,hurchenko,2008/01/07,,Ukraina,961
1445,rec-962-org,polina,,poritska,1979/04/07,,Ukraina,962
1446,rec-963-dup-0,natalis,orest,podorozhnyi,1929/02/16,,Ukraina,963
1447,rec-963-org,natalia,,podorozhnyi,1992/02/16,,Ukraina,963
1448,rec-964-org,yulia,,varvaruk,1987/02/23,,Ukraina,964
1449,rec-964-dup-1,yuliia,orest,varvaruk,1978/02/23,,Ukraina,964
1450,rec-964-dup-0,yuliia,,vsrvaruk,1978/02/23,,Ukraina,964
1451,rec-965-org,andrii,,cherna,2008/01/10,,Ukraina,965
1452,rec-965-dup-0,andżej,stanisława,cherna,2080/01/10,,Ukraina,965
1453,rec-966-org,oksana,,udod,1977/10/31,,Ukraina,966
1454,rec-967-org,diana,,dvorska,1953/02/01,2469011.0,Ukraina,967
1455,rec-968-org,yuliia,,kuzmych,1999/08/02,,Ukraina,968
1456,rec-969-org,ivan,,sobkovskyi,1978/01/28,,Ukraina,969
1457,rec-970-org,anna,,lysak,1983/03/22,,Ukraina,970
1458,rec-971-org,nataliia,,smetaniuk,1974/07/22,,Ukraina,971
1459,rec-972-org,andrii,,danylenko,2009/05/07,,Ukraina,972
1460,rec-973-org,mykyta,,kozupytsia,1998/02/24,,Ukraina,973
1461,rec-973-dup-1,mikita,antonina,kozupytsia,1989/02/24,,Ukraina,973
1462,rec-973-dup-0,mykyts,petro,kozupytsiw,1998/02/24,,Ukraina,973
1463,rec-974-org,illia,,habakan,1990/09/20,463011.0,Ukraina,974
1464,rec-975-org,mykhailo,,samus,2022/01/11,2478011.0,Ukraina,975
1465,rec-976-dup-0,andrzej,,zanyk,1935/11/07,1605042.0,Ukraina,976
1466,rec-976-org,andrii,,zanyk,1953/11/07,,Ukraina,976
1467,rec-977-org,viktor,,yavorskyi,1971/12/28,,Ukraina,977
1468,rec-977-dup-0,vikyor,stepan,yaworskyi,1971/12/28,,Ukraina,977
1469,rec-978-org,viktoriia,,ovsiienko,1981/08/25,203022.0,Ukraina,978
1470,rec-979-org,yurii,,omelchenko,2017/09/22,,Ukraina,979
1471,rec-980-org,volodymyr,,parasochka,2017/07/24,,Ukraina,980
1472,rec-981-org,mariia,,karpus,1964/07/15,,Ukraina,981
1473,rec-982-org,kateryna,,moroz,2014/09/25,,Ukraina,982
1474,rec-983-org,anna,,bazar,1987/10/07,,Ukraina,983
1475,rec-984-org,oleksandra,,poda,2004/06/28,,Ukraina,984
1476,rec-984-dup-0,ołeksandra,artem,podq,2004/06/28,,Ukraina,984
1477,rec-985-org,valentyna,,smoliarchuk,2018/08/16,,Ukraina,985
1478,rec-986-dup-0,iwan,nazar,barusheva,1988/08/29,,Ukraina,986
1479,rec-986-org,ivan,,barysheva,1988/08/29,,Ukraina,986
1480,rec-987-org,anastasiia,,hud,2016/08/24,,Ukraina,987
1481,rec-987-dup-0,anaztazia,raisa,hud,2061/08/24,,Ukraina,987
1482,rec-988-org,pavlo,,mosurets,1995/09/26,,Ukraina,988
1483,rec-988-dup-0,pawlo,borys,mosutets,1995/09/26,,Ukraina,988
1484,rec-989-org,oliver,stuart,entwistle,1980/03/07,,Wielka Brytania,989
1485,rec-990-org,nicola,mary,hill,1979/06/29,,Wielka Brytania,990
1486,rec-990-dup-0,nicola,maey,hull,1997/06/29,,Wielka Brytania,990
1487,rec-991-dup-0,adrizna,,kylw,1917/09/16,,Stany Zjednoczone,991
1488,rec-991-org,adriana,,kyle,1971/09/16,,Stany Zjednoczone,991
1489,rec-992-org,timothy,suzanne,dabrowski,1971/12/01,,Stany Zjednoczone,992
1490,rec-993-org,farkhod,,kuchkorov,1998/08/14,,Uzbekistan,993
1491,rec-993-dup-0,varkhod,,kuchkoroc,1989/08/14,,Uzbekistan,993
1492,rec-993-dup-1,farkh0d,,kuchko5ov,1989/08/14,,Uzbekistan,993
1493,rec-994-org,fazliddin,,hasanov,1986/03/24,,Uzbekistan,994
1494,rec-995-org,ulugbek,,gofurov,1988/04/18,,Uzbekistan,995
1495,rec-996-org,sherzod,,nuriddinov,1986/01/14,,Uzbekistan,996
1496,rec-997-org,marek,,wycisk,1952/05/29,,Kraj nieustalony,997
1497,rec-997-dup-0,mar3k,,wyc9sk,1925/05/29,,Kraj nieustalony,997
1498,rec-998-org,krzysztof,,jakubowski,1965/12/03,,Kraj nieustalony,998
1499,rec-999-org,sara,,hoffmann,1967/04/09,,Kraj nieustalony,999
